StudentID,House,BloodStatus,CourseDifficulty,DailyOwlMessages,LateAssignments,FlyingGrades,PotionsGrades,DuelingClubMember,Churned
1,Hufflepuff,Muggle-born,Moderate,3,2,84.2575333401564,87.35924912768203,0,0
2,Ravenclaw,Pure-blood,Easy,5,2,83.35795895303484,97.50741228496209,1,0
3,Gryffindor,Pure-blood,Easy,5,3,85.40598476156299,66.24257805114226,1,0
4,Hufflepuff,Muggle-born,Moderate,3,2,92.56498927840157,100.0,1,0
5,Hufflepuff,Pure-blood,Moderate,3,0,78.26075653270405,100.0,0,0
6,Ravenclaw,Muggle-born,Easy,4,0,69.74722465483933,81.15820145161722,0,0
7,Gryffindor,Half-blood,Moderate,2,1,100.0,86.09180913534198,1,1
8,Gryffindor,Pure-blood,Easy,7,0,95.8942192449005,91.41795326082774,1,0
9,Hufflepuff,Half-blood,Moderate,3,2,73.96362128750602,100.0,0,0
10,Slytherin,Muggle-born,Hard,1,0,86.35632008775953,88.23203950118372,1,0
11,Hufflepuff,Half-blood,Hard,2,0,95.10702164586111,80.81897478406724,0,0
12,Hufflepuff,Half-blood,Hard,5,0,92.49043944526039,88.08451796379973,1,0
13,Hufflepuff,Muggle-born,Hard,3,1,89.62013309929284,86.0604042217384,1,0
14,Hufflepuff,Half-blood,Hard,2,0,83.29773108408256,91.86615280912491,1,0
15,Ravenclaw,Half-blood,Easy,8,3,100.0,54.44965060380695,0,0
16,Gryffindor,Muggle-born,Hard,3,1,87.2085887245946,82.73780174921183,0,1
17,Ravenclaw,Half-blood,Hard,5,1,79.8504074067931,84.90660761369604,1,0
18,Ravenclaw,Muggle-born,Hard,3,1,93.71075728845595,76.90729249421742,0,0
19,Ravenclaw,Half-blood,Hard,2,1,85.9605864195142,89.76249666326338,1,0
20,Hufflepuff,Muggle-born,Moderate,1,3,88.49797727253622,100.0,1,0
21,Slytherin,Muggle-born,Easy,1,2,87.03149201591208,80.0732569665666,0,0
22,Gryffindor,Half-blood,Hard,1,2,89.9677557376691,88.37581621061535,0,0
23,Slytherin,Half-blood,Hard,5,1,75.21543746600793,100.0,0,0
24,Ravenclaw,Half-blood,Hard,10,0,70.48893612829991,80.42346758912784,0,0
25,Ravenclaw,Pure-blood,Easy,1,3,99.34132723233584,64.67305196461787,1,0
26,Slytherin,Pure-blood,Moderate,4,4,87.49584561789169,87.23668273631887,0,0
27,Slytherin,Pure-blood,Easy,2,2,92.70847277408579,44.97500794802886,0,0
28,Slytherin,Muggle-born,Moderate,1,4,67.40240779822373,43.5244944305598,1,0
29,Ravenclaw,Half-blood,Hard,2,1,95.66683108714503,82.99518070674387,1,0
30,Ravenclaw,Muggle-born,Hard,4,0,79.78514354644233,42.825444253772005,1,0
31,Gryffindor,Pure-blood,Easy,5,0,76.93781833190955,58.272483863577136,1,0
32,Gryffindor,Half-blood,Easy,6,1,84.36626832368013,72.29852154734516,0,0
33,Ravenclaw,Muggle-born,Moderate,4,2,75.22019789457475,67.1787547538117,0,0
34,Slytherin,Half-blood,Moderate,3,2,84.98268301774392,75.78290244679323,1,0
35,Slytherin,Muggle-born,Easy,0,1,83.63661652985513,94.69305211152745,1,0
36,Gryffindor,Half-blood,Moderate,1,2,95.60395905233882,81.57721217045896,0,0
37,Ravenclaw,Pure-blood,Easy,0,0,100.0,65.41019397330811,0,0
38,Gryffindor,Pure-blood,Moderate,3,3,99.81515792841583,98.31661609176413,0,0
39,Gryffindor,Half-blood,Easy,1,0,62.35485020603883,56.56714145183713,0,0
40,Hufflepuff,Muggle-born,Easy,2,4,75.64833170156714,81.32825263158149,0,1
41,Hufflepuff,Pure-blood,Easy,5,2,62.25113236177638,54.89871037482443,1,0
42,Hufflepuff,Pure-blood,Moderate,1,2,73.0645772556497,81.78476858595809,1,0
43,Slytherin,Pure-blood,Moderate,1,3,78.50481789096169,73.22058894161104,1,1
44,Ravenclaw,Half-blood,Moderate,3,1,89.10561615226943,94.23356867289552,1,1
45,Ravenclaw,Half-blood,Easy,7,1,79.80066765507459,88.81034206791344,0,0
46,Ravenclaw,Muggle-born,Moderate,4,3,80.07929929051355,69.19291002012505,1,0
47,Ravenclaw,Muggle-born,Moderate,0,2,86.81764683199764,66.31590538775637,0,0
48,Hufflepuff,Muggle-born,Easy,1,1,67.9069035479219,73.27354900451836,0,0
49,Slytherin,Half-blood,Hard,5,1,76.61406847036136,100.0,0,0
50,Slytherin,Half-blood,Easy,3,2,79.96443374182627,100.0,0,0
51,Hufflepuff,Muggle-born,Moderate,6,0,82.97598011368656,63.47597721947024,0,0
52,Slytherin,Muggle-born,Easy,4,3,85.76953990225545,90.00338007002023,0,1
53,Hufflepuff,Half-blood,Hard,1,2,100.0,52.02852856654101,0,1
54,Ravenclaw,Muggle-born,Easy,1,2,94.08336161081095,71.28986308413953,1,0
55,Hufflepuff,Pure-blood,Moderate,4,0,77.30689975508065,64.08653470706312,0,0
56,Ravenclaw,Half-blood,Hard,0,0,82.38670940548532,94.03919186358661,1,0
57,Ravenclaw,Muggle-born,Moderate,1,0,81.70560862907877,58.63923720317382,1,1
58,Gryffindor,Half-blood,Hard,4,2,79.85847483479256,84.44025353133708,0,0
59,Hufflepuff,Pure-blood,Hard,2,1,87.72515825820909,78.01065182348945,0,0
60,Gryffindor,Half-blood,Easy,8,2,66.40220447029091,75.36826755405734,1,0
61,Hufflepuff,Half-blood,Easy,1,0,93.80714388006484,100.0,1,0
62,Hufflepuff,Half-blood,Moderate,3,3,100.0,100.0,1,0
63,Gryffindor,Half-blood,Easy,5,1,82.30159459328183,75.83410772320543,1,1
64,Gryffindor,Pure-blood,Easy,0,3,82.10635574882171,72.81125549100008,0,0
65,Hufflepuff,Half-blood,Hard,3,3,86.57044247208671,55.39690021795249,0,0
66,Slytherin,Half-blood,Easy,3,1,95.1938597696021,77.93611519141184,0,0
67,Ravenclaw,Muggle-born,Hard,1,4,81.75706283182758,100.0,1,0
68,Gryffindor,Half-blood,Hard,2,2,94.33945166101736,76.06896990708115,0,1
69,Ravenclaw,Muggle-born,Hard,0,2,89.88494672453243,88.93138924715669,1,1
70,Slytherin,Pure-blood,Moderate,2,2,100.0,57.03754014121104,0,1
71,Slytherin,Pure-blood,Moderate,0,1,81.71337984837704,71.47837605399597,1,1
72,Slytherin,Pure-blood,Moderate,3,1,65.23999552279166,84.93697958703976,0,0
73,Gryffindor,Pure-blood,Hard,5,0,70.67060879314486,79.58793597072079,0,0
74,Slytherin,Muggle-born,Moderate,3,2,85.11928237400157,90.37001001615843,1,0
75,Gryffindor,Half-blood,Moderate,3,0,95.27882094020751,68.95992173162004,1,1
76,Slytherin,Pure-blood,Easy,4,2,78.47490859579275,51.75017176764502,1,0
77,Ravenclaw,Half-blood,Moderate,4,2,82.6906755012467,94.83135345483406,1,0
78,Ravenclaw,Muggle-born,Moderate,3,1,91.84842737331576,63.95776066093637,1,1
79,Hufflepuff,Muggle-born,Hard,6,2,75.34767399121543,85.59906041252975,0,0
80,Ravenclaw,Muggle-born,Hard,3,2,78.88730600805182,84.76285299732623,1,0
81,Hufflepuff,Pure-blood,Hard,7,2,73.3227331238974,53.04370207452012,0,0
82,Ravenclaw,Half-blood,Hard,5,3,96.78228092882561,93.73688125860038,0,0
83,Gryffindor,Half-blood,Hard,2,1,100.0,69.50149208206547,0,0
84,Ravenclaw,Half-blood,Hard,1,3,69.2058501050694,78.82581932980442,0,1
85,Hufflepuff,Muggle-born,Moderate,2,2,83.57814501011777,72.62726154051666,0,0
86,Hufflepuff,Pure-blood,Hard,0,0,99.07258975064946,100.0,1,1
87,Slytherin,Muggle-born,Hard,4,2,88.98695183622237,98.15235312276094,1,0
88,Gryffindor,Muggle-born,Easy,1,2,80.10760767000906,50.81498124343916,0,0
89,Ravenclaw,Half-blood,Moderate,4,2,69.538378803891,100.0,0,0
90,Slytherin,Muggle-born,Moderate,2,0,96.52944551822864,67.82539901227206,1,0
91,Ravenclaw,Half-blood,Moderate,3,0,88.60515214944498,100.0,1,0
92,Ravenclaw,Pure-blood,Hard,6,1,70.27013612258244,74.15685641790023,0,1
93,Slytherin,Half-blood,Hard,5,0,96.8989105387499,72.88624940862097,1,0
94,Slytherin,Pure-blood,Hard,1,2,68.9959643824213,74.29008400383266,1,0
95,Slytherin,Half-blood,Easy,2,4,82.79513845832588,71.98815532530764,1,0
96,Slytherin,Muggle-born,Hard,3,3,82.35385296627871,100.0,0,0
97,Slytherin,Muggle-born,Easy,3,3,100.0,76.85455201019049,1,0
98,Ravenclaw,Pure-blood,Moderate,3,1,82.38953808119848,73.46555351191965,0,0
99,Slytherin,Pure-blood,Hard,1,2,82.35357313699275,79.15516136239417,0,0
100,Gryffindor,Pure-blood,Easy,4,3,71.36921655102306,63.489972046129424,0,1
101,Hufflepuff,Half-blood,Easy,6,1,78.59602320941394,100.0,0,0
102,Slytherin,Half-blood,Hard,6,2,76.82704539119358,55.93378746460303,0,0
103,Slytherin,Pure-blood,Moderate,0,2,77.34777633995307,68.78987089392892,1,0
104,Ravenclaw,Muggle-born,Moderate,3,3,85.06284524891873,92.04990464770188,0,0
105,Slytherin,Half-blood,Moderate,4,1,60.65823614157408,78.63528196151148,0,0
106,Slytherin,Half-blood,Easy,3,1,69.89769754583102,86.2382277375007,0,0
107,Slytherin,Half-blood,Easy,1,2,83.88981126392845,100.0,1,1
108,Ravenclaw,Pure-blood,Easy,4,1,86.21254683103932,93.0570232249872,1,0
109,Slytherin,Pure-blood,Easy,2,4,82.66567201356105,80.06214517711717,1,0
110,Hufflepuff,Pure-blood,Moderate,2,1,84.59205510215038,100.0,1,0
111,Ravenclaw,Pure-blood,Hard,7,3,80.90883386344748,68.5749577680565,1,0
112,Hufflepuff,Pure-blood,Easy,2,2,84.81495396770337,76.49535538511171,1,0
113,Ravenclaw,Muggle-born,Easy,6,0,89.34142220262216,77.5433950274585,1,1
114,Slytherin,Muggle-born,Moderate,4,1,89.2713372868766,76.4636735097453,0,0
115,Hufflepuff,Pure-blood,Hard,4,1,78.11041588541504,61.9618401455826,0,1
116,Ravenclaw,Half-blood,Hard,2,2,94.1509473958295,54.24525262259253,1,0
117,Gryffindor,Pure-blood,Moderate,1,4,86.5710869450332,84.2580236156879,0,0
118,Slytherin,Muggle-born,Moderate,4,2,97.32213956339768,68.49789321674014,0,0
119,Ravenclaw,Muggle-born,Hard,4,1,99.32872431267081,100.0,1,0
120,Gryffindor,Half-blood,Easy,3,1,70.57273278626754,76.9118651514714,0,0
121,Ravenclaw,Muggle-born,Hard,3,4,76.40972461131291,74.22766113762765,0,0
122,Gryffindor,Pure-blood,Moderate,2,2,93.1354803997055,94.41509679603982,1,1
123,Slytherin,Half-blood,Easy,4,5,68.35107579871053,84.03288956171582,0,0
124,Hufflepuff,Pure-blood,Easy,3,3,99.20176962693374,75.36723858319426,1,0
125,Gryffindor,Pure-blood,Moderate,6,0,81.56117805187337,68.38902378353335,1,1
126,Ravenclaw,Half-blood,Moderate,2,5,90.75033035109018,100.0,0,1
127,Slytherin,Pure-blood,Moderate,1,1,83.83609337139224,83.42678643392608,0,0
128,Gryffindor,Muggle-born,Hard,1,0,71.07610472216314,94.26644366076594,0,0
129,Ravenclaw,Pure-blood,Hard,1,1,95.55544602131975,62.655817196497566,1,1
130,Ravenclaw,Half-blood,Easy,5,2,100.0,69.33021920364487,1,0
131,Ravenclaw,Half-blood,Moderate,3,1,79.84991723644308,100.0,1,0
132,Gryffindor,Half-blood,Easy,3,2,81.77641449154757,98.95396409033452,0,0
133,Gryffindor,Pure-blood,Easy,1,1,58.509004567329406,84.86433155599924,0,0
134,Gryffindor,Half-blood,Easy,3,0,98.51502903456121,72.27643662304465,1,0
135,Hufflepuff,Half-blood,Easy,2,1,94.11765322842002,74.48946342065136,0,0
136,Gryffindor,Pure-blood,Moderate,5,4,67.66616137945086,67.85833897115806,0,0
137,Gryffindor,Muggle-born,Easy,4,2,64.35114537953113,60.64726004792038,1,0
138,Gryffindor,Pure-blood,Moderate,7,1,65.50768716834735,91.85766276391522,1,0
139,Hufflepuff,Half-blood,Moderate,2,1,91.45169125372819,86.08246834188088,0,1
140,Gryffindor,Half-blood,Hard,4,3,92.44991419614082,89.0411822451341,1,1
141,Ravenclaw,Pure-blood,Moderate,4,1,75.76666055631212,72.94653018056604,0,0
142,Gryffindor,Muggle-born,Hard,5,2,89.99260031382798,81.83458462699745,1,0
143,Ravenclaw,Half-blood,Moderate,4,3,86.58877120991153,71.51934352538798,1,0
144,Ravenclaw,Half-blood,Moderate,4,0,81.32730293145781,67.09037905844541,1,0
145,Ravenclaw,Half-blood,Moderate,0,0,94.701968266853,100.0,0,0
146,Hufflepuff,Pure-blood,Hard,3,0,72.95064398771962,79.82260945261115,0,0
147,Hufflepuff,Half-blood,Hard,6,2,96.47539213593895,85.61181507429811,1,1
148,Hufflepuff,Muggle-born,Easy,2,1,77.71478445985647,90.53631020786251,1,0
149,Gryffindor,Half-blood,Hard,5,2,100.0,80.01061329349535,1,0
150,Ravenclaw,Half-blood,Hard,3,0,74.94693976518533,81.60949116037732,0,0
151,Hufflepuff,Muggle-born,Hard,3,2,81.48427921399873,61.70062234569439,1,0
152,Hufflepuff,Half-blood,Hard,2,1,85.58587137542354,64.55827457345121,1,1
153,Gryffindor,Pure-blood,Easy,6,0,85.52318547822483,63.782778673073295,1,0
154,Hufflepuff,Pure-blood,Hard,5,1,89.90828500618096,87.08187625230804,1,0
155,Gryffindor,Pure-blood,Moderate,3,3,72.14317581753323,79.06335979233097,0,1
156,Slytherin,Muggle-born,Moderate,4,2,84.62687591753365,64.55952654351618,0,0
157,Hufflepuff,Half-blood,Hard,3,2,86.38131706402721,86.7014826245281,1,1
158,Slytherin,Pure-blood,Hard,0,0,79.72261775971873,86.15184691431159,0,0
159,Gryffindor,Muggle-born,Moderate,5,5,89.04058617459418,67.57551013050953,0,0
160,Ravenclaw,Half-blood,Moderate,4,1,71.53630086512219,77.5825868305609,0,0
161,Hufflepuff,Muggle-born,Easy,6,1,81.73546110949316,86.20712512590715,1,0
162,Gryffindor,Pure-blood,Moderate,2,3,77.46815875596334,65.12466968820866,0,0
163,Ravenclaw,Pure-blood,Moderate,3,2,81.76569070450981,86.49340147343926,0,0
164,Ravenclaw,Pure-blood,Hard,2,2,99.47035459921203,82.51535406245343,0,0
165,Slytherin,Muggle-born,Moderate,3,1,99.664557261574,63.012004417484604,1,0
166,Gryffindor,Muggle-born,Easy,1,1,97.7041646058122,81.29695102497153,1,0
167,Ravenclaw,Pure-blood,Moderate,5,5,80.37742719919149,83.48472879983856,0,0
168,Hufflepuff,Muggle-born,Hard,5,1,94.07618276800207,68.60998310791801,0,0
169,Hufflepuff,Pure-blood,Hard,3,0,86.12362126925804,69.79074525200686,1,0
170,Slytherin,Pure-blood,Moderate,3,1,85.45589703503009,62.87370103603215,1,0
171,Ravenclaw,Half-blood,Hard,2,3,84.2263865238083,71.2650154631416,0,1
172,Gryffindor,Muggle-born,Easy,4,3,100.0,77.81876984344278,0,0
173,Hufflepuff,Pure-blood,Easy,2,2,98.65838605556463,69.83216761958519,1,0
174,Ravenclaw,Pure-blood,Moderate,4,1,92.44896418447098,55.72668152634169,1,0
175,Ravenclaw,Muggle-born,Moderate,2,8,83.29699034489373,67.6711796304506,0,0
176,Slytherin,Half-blood,Moderate,3,0,85.39560758254562,71.74061839781997,1,0
177,Hufflepuff,Half-blood,Hard,2,2,90.30566604537734,90.25258064448377,0,1
178,Hufflepuff,Pure-blood,Easy,4,4,79.78391088145978,86.92147372165395,0,1
179,Gryffindor,Muggle-born,Easy,1,0,94.38315715964504,90.54331618312503,0,0
180,Hufflepuff,Half-blood,Hard,4,0,75.78754888557094,66.91471654501548,1,0
181,Gryffindor,Muggle-born,Easy,5,1,88.91843687997405,80.12326168619015,0,0
182,Hufflepuff,Muggle-born,Moderate,1,0,62.1028445020737,41.654302514977,0,0
183,Slytherin,Pure-blood,Moderate,2,2,79.4938147339787,84.43380597271482,1,0
184,Hufflepuff,Half-blood,Moderate,2,0,100.0,87.16346510851196,1,0
185,Gryffindor,Pure-blood,Easy,4,1,95.3619149439191,72.72562248208614,0,0
186,Gryffindor,Half-blood,Moderate,5,2,100.0,82.43144717582672,0,1
187,Slytherin,Half-blood,Hard,5,1,78.32692332645618,55.276135869449206,1,0
188,Hufflepuff,Half-blood,Hard,3,3,86.03772836800437,65.98399514400265,1,0
189,Hufflepuff,Half-blood,Easy,1,3,97.81992253094305,89.48173857648413,1,1
190,Slytherin,Half-blood,Hard,5,2,91.33094934705377,85.66879917809362,0,0
191,Hufflepuff,Muggle-born,Hard,4,1,90.08565877358319,71.82218233432849,0,1
192,Hufflepuff,Pure-blood,Easy,4,2,100.0,90.17043476107065,0,0
193,Gryffindor,Muggle-born,Moderate,2,4,74.59545034386072,80.07447175199866,1,0
194,Hufflepuff,Half-blood,Moderate,4,1,83.15761960554497,70.4366855411676,0,1
195,Hufflepuff,Pure-blood,Moderate,2,2,67.45914437330646,75.2575903409506,1,0
196,Slytherin,Half-blood,Easy,0,2,74.04893948064398,71.16873463032697,0,0
197,Slytherin,Pure-blood,Hard,3,3,95.74185392178971,60.243360737722085,1,0
198,Ravenclaw,Muggle-born,Moderate,1,0,75.82650733807877,96.85028708853152,0,0
199,Gryffindor,Pure-blood,Moderate,4,0,92.35524254125097,69.47963350061113,0,0
200,Hufflepuff,Pure-blood,Easy,1,3,100.0,65.51458928554632,1,1
201,Hufflepuff,Pure-blood,Moderate,2,1,83.22061825008062,55.05977519229962,1,1
202,Ravenclaw,Pure-blood,Easy,4,0,90.19863439799812,38.4604819861631,0,1
203,Hufflepuff,Pure-blood,Hard,1,1,92.4331212954292,88.5224530217848,1,0
204,Gryffindor,Half-blood,Easy,6,5,72.78504936933435,89.90413030554318,1,0
205,Ravenclaw,Pure-blood,Easy,2,2,78.83547654698953,95.89557876892061,0,0
206,Gryffindor,Pure-blood,Easy,3,1,74.96338788328198,75.76441025744727,1,1
207,Ravenclaw,Muggle-born,Easy,4,2,79.63276889916972,73.17011209059608,0,0
208,Ravenclaw,Pure-blood,Hard,4,1,92.161106980811,70.38415330045288,0,0
209,Slytherin,Muggle-born,Hard,1,1,79.04803269057709,71.75163555242696,1,0
210,Gryffindor,Half-blood,Moderate,3,2,84.64846773068183,94.7968552611028,1,0
211,Hufflepuff,Pure-blood,Hard,1,3,74.57538383068764,77.60227126906562,0,0
212,Hufflepuff,Muggle-born,Hard,2,1,97.26422164533702,83.67106194002105,0,1
213,Gryffindor,Muggle-born,Moderate,6,0,79.54890009776663,71.36989752059395,0,1
214,Hufflepuff,Half-blood,Hard,4,0,100.0,97.8127185933106,0,0
215,Hufflepuff,Pure-blood,Easy,4,4,85.6092909384936,49.42891680847891,0,0
216,Gryffindor,Pure-blood,Easy,3,0,70.93000422036921,59.692137379229315,0,1
217,Ravenclaw,Muggle-born,Moderate,3,1,83.28973253454376,83.69565786351836,1,0
218,Gryffindor,Pure-blood,Moderate,2,3,74.37223172533835,100.0,1,0
219,Ravenclaw,Muggle-born,Moderate,0,2,90.89349377378153,74.62349700361844,1,0
220,Hufflepuff,Pure-blood,Easy,3,0,82.38637217673134,65.36443791408985,0,0
221,Hufflepuff,Muggle-born,Hard,0,1,86.63210255027354,93.00994057737516,1,0
222,Hufflepuff,Pure-blood,Easy,7,1,81.30646889953437,82.85547663022349,0,0
223,Slytherin,Half-blood,Moderate,3,3,79.44657696136674,97.35320717991365,0,0
224,Ravenclaw,Pure-blood,Hard,1,0,75.26377990384373,58.64473372883487,1,0
225,Slytherin,Pure-blood,Hard,6,0,93.3622293682153,96.17502729016388,0,1
226,Slytherin,Half-blood,Easy,2,0,83.26846898200301,54.77313814847592,0,1
227,Gryffindor,Pure-blood,Moderate,4,0,81.85309106301617,73.67741780767699,0,1
228,Slytherin,Half-blood,Easy,2,1,83.0178610155784,84.1917412923589,0,0
229,Gryffindor,Pure-blood,Hard,3,0,78.21138206514226,80.7902006729864,0,0
230,Gryffindor,Muggle-born,Easy,0,2,81.88648573223975,93.90888503973551,0,0
231,Slytherin,Muggle-born,Easy,2,2,87.05629814693488,50.60009974486165,1,1
232,Ravenclaw,Pure-blood,Moderate,3,2,74.65863000943236,80.11511219548555,0,0
233,Ravenclaw,Pure-blood,Moderate,4,2,76.10648006920792,95.99463049175921,0,0
234,Ravenclaw,Pure-blood,Hard,4,3,98.78284093622673,78.88941340608145,0,0
235,Ravenclaw,Muggle-born,Easy,5,2,81.37243467200445,60.86490480349946,0,0
236,Ravenclaw,Pure-blood,Easy,1,1,79.4843919107599,93.1126109223998,1,0
237,Slytherin,Muggle-born,Easy,3,0,71.56128394440725,68.27534594784457,1,1
238,Slytherin,Half-blood,Hard,3,3,93.5067763747424,65.63515481905682,0,1
239,Hufflepuff,Muggle-born,Hard,3,1,74.44074186489156,63.7479637067474,0,0
240,Ravenclaw,Muggle-born,Moderate,4,1,84.84707339038542,75.01972330576557,0,1
241,Slytherin,Half-blood,Moderate,1,1,67.9181493068341,80.74590330559306,1,0
242,Hufflepuff,Muggle-born,Moderate,3,2,93.18172800364117,58.963499179453805,1,0
243,Ravenclaw,Pure-blood,Easy,5,0,96.7685624361858,62.04531184905084,1,0
244,Gryffindor,Pure-blood,Easy,6,0,89.84520345478015,67.58275686206673,1,0
245,Hufflepuff,Muggle-born,Moderate,6,3,69.65519868594703,63.675170281700396,0,0
246,Slytherin,Pure-blood,Easy,7,2,93.3876214390923,78.55137339824145,1,1
247,Gryffindor,Muggle-born,Moderate,3,3,76.72651000359647,83.4183239460132,1,0
248,Gryffindor,Pure-blood,Hard,2,1,73.29028121278388,81.3581071539989,0,0
249,Gryffindor,Pure-blood,Moderate,1,2,81.16538954242347,81.37997833121703,0,0
250,Hufflepuff,Muggle-born,Hard,1,5,80.96632326653511,100.0,1,1
251,Slytherin,Pure-blood,Easy,5,5,79.9495134881971,84.35525399440732,1,0
252,Gryffindor,Muggle-born,Moderate,2,0,97.73674247904694,89.75946371833871,1,0
253,Ravenclaw,Pure-blood,Easy,3,1,100.0,71.78076375334541,1,0
254,Gryffindor,Pure-blood,Hard,2,2,71.30863462650535,92.16009213992237,0,0
255,Gryffindor,Half-blood,Hard,5,3,78.11167605675409,71.06471214310017,0,0
256,Hufflepuff,Half-blood,Hard,1,2,86.42748336044957,84.17172491382885,1,0
257,Hufflepuff,Muggle-born,Easy,3,3,81.11283509062773,57.429496977264265,1,0
258,Slytherin,Half-blood,Easy,4,1,88.99398749278517,80.49351197982183,1,0
259,Ravenclaw,Muggle-born,Easy,3,1,94.15985355945796,63.369296472459936,1,1
260,Hufflepuff,Half-blood,Easy,7,1,92.49365942270042,92.04053481725862,1,0
261,Gryffindor,Pure-blood,Hard,6,3,91.09733567849833,91.13814692998177,0,0
262,Slytherin,Muggle-born,Hard,3,1,100.0,71.00058918661361,0,1
263,Gryffindor,Muggle-born,Moderate,5,1,69.1105271708389,100.0,0,0
264,Gryffindor,Pure-blood,Moderate,3,1,99.80108791954615,73.71182555709788,1,1
265,Hufflepuff,Muggle-born,Easy,1,0,80.87008365910256,53.819716489912096,1,0
266,Slytherin,Muggle-born,Hard,2,1,92.85125220675627,66.31323044455979,0,0
267,Ravenclaw,Half-blood,Hard,1,6,74.70333771720556,62.337884664632234,0,0
268,Ravenclaw,Muggle-born,Hard,1,4,75.91503608106723,83.69403152679382,1,1
269,Hufflepuff,Pure-blood,Moderate,0,3,91.62117291482028,59.46955459991321,0,0
270,Hufflepuff,Half-blood,Moderate,4,3,65.71269977250154,69.91178976290632,1,0
271,Slytherin,Half-blood,Hard,3,1,94.89442078288313,82.71828255805156,1,1
272,Ravenclaw,Pure-blood,Hard,1,3,97.59963502341589,80.07968842067704,0,0
273,Ravenclaw,Pure-blood,Hard,3,1,86.7778485382896,77.81034281487331,0,0
274,Ravenclaw,Half-blood,Moderate,2,5,86.41761035578557,79.89000778566101,0,0
275,Gryffindor,Muggle-born,Hard,3,1,76.66363855091548,72.44249853738518,1,0
276,Ravenclaw,Half-blood,Hard,6,2,91.74449402403668,53.94371916500504,1,0
277,Gryffindor,Pure-blood,Easy,2,3,88.47665246407426,72.04742668883033,0,0
278,Slytherin,Half-blood,Easy,4,0,75.78494603976176,85.03124676472929,1,0
279,Gryffindor,Pure-blood,Moderate,2,2,81.08520049911807,75.94597517085893,1,0
280,Slytherin,Half-blood,Hard,4,4,83.40664575304197,83.87232559695751,1,1
281,Ravenclaw,Muggle-born,Hard,4,2,81.07197803480813,69.19825455735771,0,1
282,Ravenclaw,Half-blood,Easy,3,0,71.37088586650025,92.91504119816894,1,0
283,Slytherin,Half-blood,Moderate,1,1,91.99020308583896,39.655231987929994,0,1
284,Hufflepuff,Pure-blood,Easy,5,1,82.56489544098105,80.12160769385032,0,0
285,Slytherin,Pure-blood,Easy,4,1,85.15364775893309,98.23320520681918,1,0
286,Hufflepuff,Pure-blood,Easy,4,3,79.21733412602573,100.0,0,1
287,Gryffindor,Half-blood,Easy,2,1,89.75271473971989,74.52260746136287,1,0
288,Gryffindor,Muggle-born,Hard,5,2,86.98696184381403,58.10702766535674,0,0
289,Gryffindor,Pure-blood,Hard,1,2,97.12784389130418,98.49709263515038,0,1
290,Ravenclaw,Pure-blood,Easy,3,2,89.80598712938985,77.22202249791658,1,0
291,Gryffindor,Half-blood,Moderate,2,2,82.97315598162889,75.61545691095179,0,1
292,Hufflepuff,Pure-blood,Moderate,2,0,77.6028318249744,64.60718038683405,0,0
293,Gryffindor,Muggle-born,Moderate,1,2,93.65952683916645,59.25168778712614,0,0
294,Slytherin,Muggle-born,Moderate,3,5,82.17423901213542,86.45794753386531,1,0
295,Slytherin,Pure-blood,Easy,3,0,83.2828243340378,88.0480718213799,1,0
296,Ravenclaw,Pure-blood,Hard,3,1,83.28028393707325,81.02316002699132,0,1
297,Slytherin,Half-blood,Moderate,3,1,80.98392289342871,66.53931327609236,0,0
298,Hufflepuff,Muggle-born,Easy,0,2,83.4546100577013,62.02501762336276,0,0
299,Gryffindor,Muggle-born,Moderate,6,0,100.0,56.516270171701606,1,0
300,Ravenclaw,Pure-blood,Moderate,2,0,74.52177945872307,69.5918223588304,1,0
301,Gryffindor,Half-blood,Easy,3,2,76.8549578923839,62.91219652876554,0,0
302,Gryffindor,Muggle-born,Hard,4,0,98.8432441815425,52.36035457063432,1,1
303,Hufflepuff,Muggle-born,Hard,2,1,81.25195615504929,87.77017518529573,1,0
304,Slytherin,Half-blood,Easy,4,4,80.49378715925106,58.214042077725495,1,0
305,Slytherin,Half-blood,Hard,2,2,95.34863856773434,92.75884022146101,1,1
306,Gryffindor,Muggle-born,Easy,5,2,70.79804382718248,83.91107565170195,0,0
307,Ravenclaw,Muggle-born,Easy,4,0,93.21454429253406,82.41511781427599,1,0
308,Slytherin,Half-blood,Easy,2,3,85.45616429321544,100.0,1,1
309,Ravenclaw,Muggle-born,Hard,4,2,89.64802130831977,58.71296048903213,0,0
310,Slytherin,Pure-blood,Easy,5,1,89.46030955252125,91.10657994073193,0,0
311,Ravenclaw,Pure-blood,Moderate,2,2,78.72017413517362,73.53536140467855,1,0
312,Hufflepuff,Half-blood,Hard,0,3,95.51183780149907,100.0,1,1
313,Ravenclaw,Half-blood,Hard,4,1,79.4986228852193,72.28808353291186,0,1
314,Hufflepuff,Half-blood,Hard,1,0,89.08849018998741,69.86537495811572,0,1
315,Hufflepuff,Pure-blood,Hard,3,0,97.37724485529137,84.383036622859,0,0
316,Ravenclaw,Muggle-born,Moderate,4,1,98.78901699846469,74.8663720168704,1,0
317,Hufflepuff,Pure-blood,Hard,1,3,82.32873664059308,66.62305556550196,1,0
318,Gryffindor,Muggle-born,Hard,3,2,89.6313527424101,63.44584824096244,0,0
319,Hufflepuff,Pure-blood,Easy,2,1,81.40511209796381,99.87306732581105,1,0
320,Slytherin,Muggle-born,Hard,2,0,100.0,60.548075521500124,0,1
321,Ravenclaw,Pure-blood,Moderate,3,0,92.80126005873818,81.34631340570749,1,1
322,Gryffindor,Half-blood,Moderate,1,1,85.84058435836936,93.84276209439143,0,0
323,Ravenclaw,Pure-blood,Moderate,5,1,88.12562173457742,94.56742478163949,0,0
324,Slytherin,Muggle-born,Moderate,7,5,89.07105415446067,68.9752139672784,1,0
325,Slytherin,Pure-blood,Hard,1,4,89.36743540783482,74.90722799061356,1,0
326,Slytherin,Pure-blood,Hard,1,2,82.60001782353443,71.9970974847844,1,1
327,Hufflepuff,Pure-blood,Moderate,0,1,81.05672700764825,54.97471856001188,1,1
328,Hufflepuff,Half-blood,Moderate,3,0,83.48146638273506,86.06276074530173,1,0
329,Ravenclaw,Pure-blood,Hard,3,0,73.60308294952793,78.57755468452213,1,0
330,Ravenclaw,Half-blood,Moderate,6,0,92.1827440697446,99.60877620902818,0,0
331,Gryffindor,Half-blood,Easy,3,1,76.98294957351027,65.65192354047866,1,0
332,Gryffindor,Pure-blood,Moderate,4,2,74.40049921015283,94.33044837926543,0,0
333,Ravenclaw,Pure-blood,Moderate,3,3,84.85645533435851,95.38851225426308,0,0
334,Hufflepuff,Pure-blood,Easy,3,2,83.69877370310114,78.70607530211831,1,0
335,Slytherin,Muggle-born,Easy,3,0,87.49634475788989,45.437076437494966,0,1
336,Ravenclaw,Pure-blood,Hard,1,1,79.3179463060359,70.31148513833564,0,0
337,Gryffindor,Half-blood,Hard,1,3,81.07457441769026,100.0,1,0
338,Hufflepuff,Pure-blood,Easy,5,0,91.9211950508849,82.45583657237864,1,0
339,Ravenclaw,Muggle-born,Easy,3,0,91.31217200495193,88.40099558807829,1,0
340,Ravenclaw,Pure-blood,Hard,3,3,90.89525046176678,76.66250127547548,0,0
341,Hufflepuff,Muggle-born,Moderate,2,0,85.33967612351482,74.64835635205307,1,0
342,Ravenclaw,Muggle-born,Easy,0,0,86.68922623332274,49.98983146950741,1,0
343,Hufflepuff,Pure-blood,Hard,4,1,87.30438887710504,89.9210882558296,1,0
344,Slytherin,Half-blood,Moderate,4,3,78.43958260191023,94.19521807083565,1,1
345,Hufflepuff,Muggle-born,Easy,3,1,99.74046600146102,63.73706571799968,0,0
346,Hufflepuff,Pure-blood,Moderate,4,1,98.315880324877,75.3171731773754,1,1
347,Hufflepuff,Pure-blood,Hard,2,2,92.94245591000967,73.29388083968564,0,0
348,Ravenclaw,Half-blood,Easy,4,1,80.74138413598402,84.30229940979429,1,0
349,Ravenclaw,Muggle-born,Moderate,2,1,90.3914411795015,69.83454627736357,0,0
350,Hufflepuff,Muggle-born,Easy,1,2,94.78369937769772,91.97011384774504,0,0
351,Ravenclaw,Pure-blood,Moderate,3,2,72.76803098278856,79.06986474186733,0,1
352,Gryffindor,Pure-blood,Hard,5,1,100.0,39.75865416622953,1,0
353,Gryffindor,Half-blood,Hard,4,4,67.60612388844206,84.64080412788965,0,1
354,Ravenclaw,Half-blood,Easy,2,1,92.04605819709076,92.94526481386177,1,1
355,Ravenclaw,Muggle-born,Moderate,5,0,99.5328230625247,60.71907509602592,1,0
356,Hufflepuff,Muggle-born,Easy,4,1,83.8693653597297,84.13090402461862,1,0
357,Slytherin,Pure-blood,Easy,6,0,83.49535600176927,100.0,1,0
358,Ravenclaw,Muggle-born,Moderate,1,1,91.67660792646923,79.68099562767358,1,1
359,Gryffindor,Half-blood,Moderate,1,0,100.0,95.12443296494234,0,1
360,Hufflepuff,Half-blood,Moderate,8,2,82.18932362058634,71.3676754464522,1,0
361,Ravenclaw,Pure-blood,Hard,1,2,77.19044808134055,77.73053567314265,0,1
362,Gryffindor,Half-blood,Easy,5,2,80.76224544392008,74.93068068110482,0,0
363,Gryffindor,Half-blood,Easy,3,1,69.47486007713779,72.19319360478666,0,0
364,Slytherin,Half-blood,Hard,4,1,93.97757898715156,75.78416932375386,0,0
365,Hufflepuff,Half-blood,Moderate,3,0,79.85916947286141,53.53977328613524,0,0
366,Hufflepuff,Pure-blood,Hard,1,1,82.91660845934445,73.03679798425055,0,1
367,Slytherin,Pure-blood,Hard,1,2,94.09621131419006,98.06709683140177,0,0
368,Slytherin,Muggle-born,Hard,3,2,81.23089675590151,63.5446491472225,1,0
369,Hufflepuff,Half-blood,Easy,1,2,92.59090395388397,62.00800092790034,0,0
370,Hufflepuff,Muggle-born,Hard,4,2,74.61911496183713,78.91818557092132,1,0
371,Ravenclaw,Pure-blood,Easy,0,1,94.58719428323998,79.66774715035866,0,0
372,Ravenclaw,Pure-blood,Easy,3,2,88.41905021265471,83.6619707858098,0,0
373,Slytherin,Pure-blood,Easy,5,4,84.11420969180332,76.29392140223041,0,0
374,Ravenclaw,Pure-blood,Moderate,2,1,86.30893487943796,79.07796246687501,0,0
375,Gryffindor,Pure-blood,Easy,3,0,72.13238705347264,72.73672839556501,1,0
376,Ravenclaw,Pure-blood,Easy,3,3,86.0800074394697,58.86305767050054,1,0
377,Ravenclaw,Pure-blood,Moderate,1,2,83.58330214643397,76.92912197534024,1,0
378,Gryffindor,Half-blood,Easy,3,2,72.40567389562436,88.86895494663696,0,0
379,Slytherin,Muggle-born,Hard,4,1,78.28924573093457,85.72581939528501,0,0
380,Gryffindor,Pure-blood,Hard,2,1,83.70754742047482,51.836368095910686,0,0
381,Ravenclaw,Half-blood,Easy,0,0,78.92707815052158,81.77888044963625,1,0
382,Slytherin,Half-blood,Moderate,5,2,60.87886094949583,64.60845711214246,0,0
383,Ravenclaw,Muggle-born,Hard,4,2,95.76387539608866,98.88246007832073,1,1
384,Gryffindor,Pure-blood,Moderate,3,2,83.57910124910335,82.8940467439257,1,1
385,Gryffindor,Muggle-born,Moderate,3,2,62.260497907634544,91.4442594019591,0,0
386,Ravenclaw,Pure-blood,Hard,3,1,100.0,78.3175221662229,0,0
387,Hufflepuff,Half-blood,Moderate,4,0,97.41392331313189,77.00917501653784,1,1
388,Hufflepuff,Half-blood,Hard,3,1,81.51017948931664,100.0,1,0
389,Gryffindor,Half-blood,Moderate,4,1,76.57502508633299,92.59161594937524,1,0
390,Gryffindor,Half-blood,Hard,2,2,89.03191210760522,79.76787978371321,0,1
391,Hufflepuff,Muggle-born,Easy,2,1,87.02326814884141,75.00500360793903,0,0
392,Hufflepuff,Pure-blood,Hard,2,0,90.42089924800374,52.39237911703695,0,0
393,Ravenclaw,Pure-blood,Hard,3,1,76.60379726744952,82.8685130231121,0,0
394,Ravenclaw,Muggle-born,Hard,4,1,95.97772020971632,76.10844046020428,0,0
395,Hufflepuff,Pure-blood,Hard,5,4,80.2653787682445,86.30934070623414,0,0
396,Ravenclaw,Half-blood,Moderate,6,1,91.80765748655567,90.8672826230218,1,0
397,Ravenclaw,Pure-blood,Easy,2,1,77.03060739542975,96.4938164257087,1,0
398,Slytherin,Half-blood,Hard,2,0,100.0,83.05489366341607,1,0
399,Ravenclaw,Muggle-born,Moderate,2,0,91.95523348965258,62.30459302307692,0,0
400,Gryffindor,Pure-blood,Easy,5,3,100.0,45.760296736228,1,0
401,Ravenclaw,Muggle-born,Easy,6,1,93.27601976326046,65.62950209464813,0,0
402,Ravenclaw,Pure-blood,Easy,5,0,79.38535643131316,98.00232749257601,0,0
403,Hufflepuff,Half-blood,Easy,0,1,93.29380793589196,100.0,1,0
404,Gryffindor,Muggle-born,Hard,0,0,94.00577818193216,74.43148872346237,0,1
405,Ravenclaw,Pure-blood,Hard,2,1,88.73324144497762,56.08561118576473,1,0
406,Ravenclaw,Half-blood,Moderate,0,0,91.30392472032057,68.2737963749574,1,0
407,Slytherin,Muggle-born,Moderate,5,0,92.61727129407676,95.06708734046806,0,0
408,Ravenclaw,Muggle-born,Moderate,4,0,75.06318989234259,69.1348023970934,1,0
409,Ravenclaw,Pure-blood,Easy,4,0,74.35141595270048,86.83685921501271,1,0
410,Slytherin,Pure-blood,Easy,0,1,77.05783001385566,80.52837451947053,1,0
411,Hufflepuff,Pure-blood,Hard,3,1,86.2754239437051,88.6500488855558,1,0
412,Ravenclaw,Half-blood,Easy,3,4,82.7682882852658,100.0,0,0
413,Slytherin,Pure-blood,Easy,4,2,75.24429434077051,86.84672213301508,1,1
414,Gryffindor,Muggle-born,Easy,1,0,92.75314210519647,80.20374414956895,1,1
415,Hufflepuff,Muggle-born,Moderate,1,2,87.8304482013648,100.0,1,0
416,Gryffindor,Pure-blood,Moderate,4,2,86.68928991370854,83.24328152437592,0,0
417,Gryffindor,Pure-blood,Hard,3,0,82.42010694826064,66.10578754002599,1,0
418,Slytherin,Muggle-born,Easy,6,0,81.21771897634427,88.31197934654229,0,0
419,Ravenclaw,Half-blood,Easy,2,2,76.58668838191024,84.71183313199455,1,0
420,Slytherin,Pure-blood,Hard,2,1,94.33740292537338,73.381464865941,1,0
421,Slytherin,Pure-blood,Easy,3,2,77.96507118346814,70.23620921300589,1,1
422,Slytherin,Muggle-born,Easy,5,1,87.09390466692817,73.52610769027638,0,0
423,Slytherin,Pure-blood,Moderate,5,0,100.0,70.02165963747365,0,0
424,Hufflepuff,Half-blood,Hard,3,3,81.6774225531065,74.01360271930662,0,0
425,Ravenclaw,Muggle-born,Hard,4,1,94.60702140719195,65.35805096637208,0,0
426,Gryffindor,Pure-blood,Hard,6,0,90.68709016035673,83.79232032239723,0,0
427,Gryffindor,Muggle-born,Hard,1,2,88.11467563261054,82.66801970938229,0,0
428,Ravenclaw,Pure-blood,Moderate,4,0,89.30348441904752,83.17802665844204,1,1
429,Gryffindor,Pure-blood,Moderate,2,1,84.0509343072907,77.06445990845019,0,0
430,Ravenclaw,Pure-blood,Easy,1,2,85.3477596879344,75.33505115962407,1,0
431,Gryffindor,Half-blood,Easy,6,0,79.51886051774275,99.63008696480273,0,1
432,Slytherin,Half-blood,Easy,4,2,85.41457121134088,79.01108830256705,0,0
433,Gryffindor,Muggle-born,Easy,2,3,79.14774004216503,96.95650269083215,0,0
434,Ravenclaw,Pure-blood,Moderate,3,2,95.05655093076598,63.0537602525053,1,1
435,Ravenclaw,Pure-blood,Hard,7,2,68.00502571321556,86.83766751302068,0,0
436,Ravenclaw,Half-blood,Moderate,2,1,89.81053291125482,66.97945445009977,0,0
437,Ravenclaw,Pure-blood,Easy,2,0,88.3658670142228,69.65772107559998,1,0
438,Ravenclaw,Half-blood,Moderate,3,0,87.46015964176034,71.82141240108673,1,1
439,Hufflepuff,Pure-blood,Hard,0,2,95.24498948865487,70.88101547094332,1,0
440,Hufflepuff,Muggle-born,Hard,4,2,82.13876409957052,70.95593015277224,1,0
441,Gryffindor,Pure-blood,Moderate,6,4,87.5543384457205,96.25912634835848,0,0
442,Ravenclaw,Pure-blood,Moderate,4,0,67.83458111813547,78.6811675967646,1,0
443,Gryffindor,Half-blood,Moderate,1,1,80.84683117864776,81.37583083814414,0,0
444,Ravenclaw,Pure-blood,Easy,3,1,93.55736431175224,71.14260054672826,0,0
445,Ravenclaw,Pure-blood,Moderate,1,0,71.60838264463518,90.85408955577164,1,0
446,Hufflepuff,Half-blood,Moderate,2,3,86.59743367050744,83.32584417358379,0,0
447,Hufflepuff,Muggle-born,Moderate,2,0,78.22482928116203,73.36607033475393,1,1
448,Slytherin,Muggle-born,Hard,2,1,83.89013028228266,54.23574161060036,0,0
449,Hufflepuff,Half-blood,Hard,4,0,78.82322511238402,81.24444687602806,1,0
450,Slytherin,Half-blood,Easy,7,2,72.52804395706569,86.63519283803187,1,1
451,Slytherin,Half-blood,Easy,1,2,88.86003314959801,63.317282425149806,1,0
452,Slytherin,Half-blood,Hard,5,1,84.50403237975254,73.56908071951257,1,0
453,Slytherin,Half-blood,Hard,4,0,91.12629119687199,86.05740752191434,1,1
454,Slytherin,Muggle-born,Hard,4,1,92.94437907998861,54.43607914317349,1,0
455,Gryffindor,Muggle-born,Moderate,5,1,97.25258737089015,68.26721724885165,0,0
456,Hufflepuff,Half-blood,Moderate,4,2,86.33486745442664,83.65363412439602,0,0
457,Slytherin,Pure-blood,Hard,5,0,97.68621024603209,94.57527658277415,0,0
458,Ravenclaw,Half-blood,Moderate,5,3,75.24225492609045,100.0,1,0
459,Hufflepuff,Pure-blood,Moderate,3,3,94.08959829228131,100.0,0,0
460,Hufflepuff,Half-blood,Easy,6,2,89.59390416327854,80.15654223474014,1,0
461,Slytherin,Half-blood,Hard,6,2,87.33092652514787,70.73659677777071,0,0
462,Gryffindor,Muggle-born,Hard,4,0,89.44732234163118,91.84683401656329,0,0
463,Slytherin,Pure-blood,Moderate,5,1,75.39261121664538,69.84610614414514,1,0
464,Gryffindor,Pure-blood,Hard,3,1,73.03253190074977,66.56857072581522,0,1
465,Ravenclaw,Muggle-born,Easy,0,2,100.0,73.4210092145235,0,0
466,Hufflepuff,Muggle-born,Easy,0,6,83.31277821802729,71.5399004973434,0,1
467,Ravenclaw,Muggle-born,Easy,7,3,83.17006578193299,84.18945934598814,1,0
468,Gryffindor,Muggle-born,Hard,3,1,73.97690525758708,68.96397566798458,0,0
469,Gryffindor,Pure-blood,Hard,8,2,70.18221694503163,79.27683085946722,1,0
470,Ravenclaw,Pure-blood,Hard,2,1,84.11681121187718,100.0,0,0
471,Gryffindor,Half-blood,Hard,4,3,81.58412078491273,79.83211071111072,0,0
472,Ravenclaw,Half-blood,Hard,3,0,85.0173435674245,100.0,0,0
473,Hufflepuff,Muggle-born,Easy,5,3,85.87153940382174,96.03084901598923,0,0
474,Ravenclaw,Muggle-born,Moderate,2,2,100.0,86.88060355050949,1,0
475,Hufflepuff,Muggle-born,Easy,0,1,81.61420019261045,72.68770815092219,0,0
476,Ravenclaw,Half-blood,Hard,1,1,100.0,93.60761966023657,1,0
477,Gryffindor,Half-blood,Easy,4,1,100.0,74.25037622042889,1,0
478,Ravenclaw,Half-blood,Hard,5,0,92.53624285271984,77.96985517459558,0,0
479,Gryffindor,Half-blood,Hard,4,0,82.64873667450888,82.95298011248391,0,0
480,Ravenclaw,Half-blood,Easy,3,6,71.3852766386727,77.91948791409777,1,0
481,Ravenclaw,Half-blood,Hard,4,2,89.77943877333907,67.19598422384195,1,0
482,Slytherin,Half-blood,Moderate,7,1,95.18812079700945,55.09351627525696,0,1
483,Gryffindor,Muggle-born,Hard,2,0,100.0,92.38699395488219,0,0
484,Slytherin,Muggle-born,Moderate,1,0,75.50042045753219,86.55513190209541,0,0
485,Gryffindor,Muggle-born,Moderate,4,3,82.56473610814733,52.19083511255487,0,0
486,Slytherin,Muggle-born,Hard,2,0,75.56135409577153,66.79818975694715,0,1
487,Hufflepuff,Half-blood,Easy,5,2,78.66522007563077,80.68598143910077,1,0
488,Ravenclaw,Pure-blood,Moderate,0,1,91.64387534235627,84.63858530340852,0,1
489,Gryffindor,Half-blood,Easy,4,3,78.20695230634264,55.223195115493624,0,0
490,Gryffindor,Pure-blood,Moderate,1,2,76.7572882268299,76.66142000186368,1,0
491,Ravenclaw,Muggle-born,Hard,3,0,92.96995863722275,86.09481892880946,0,1
492,Gryffindor,Half-blood,Hard,0,1,89.50738790043548,72.7273229715108,0,0
493,Gryffindor,Muggle-born,Moderate,2,3,88.50011197935174,81.83744472651591,1,0
494,Slytherin,Half-blood,Hard,2,3,78.47112641800935,70.68672176933285,0,1
495,Gryffindor,Muggle-born,Moderate,6,2,97.93023278214702,91.63794527549283,1,1
496,Hufflepuff,Pure-blood,Hard,1,1,85.14490197319792,66.01071429200593,0,0
497,Hufflepuff,Pure-blood,Easy,3,1,100.0,60.8688264135843,0,0
498,Ravenclaw,Pure-blood,Hard,3,1,86.61166169470044,78.43390296092326,0,1
499,Gryffindor,Half-blood,Easy,2,4,61.6665215815284,56.497110415672566,1,0
500,Ravenclaw,Pure-blood,Hard,2,0,61.221244652231306,46.42333217905815,1,1
