Year,House,BloodStatus,GradeAverage,DisciplinaryActions,MonthlyAllowance,LoanAmount,TakesExtraCourses,Defaulted
7,Ravenclaw,Half-blood,73.32298798688109,0,447.3205697294352,3498.6307283321817,0,1
4,Gryffindor,Half-blood,81.46503881730716,0,902.701135709611,2581.9400780310634,0,0
5,Ravenclaw,Half-blood,77.53079421120816,0,315.0096760554685,3166.7050417575097,1,0
7,Gryffindor,Pure-blood,82.77040827223121,0,599.1085091695624,3361.7230343028527,1,1
3,Hufflepuff,Half-blood,78.76821891060256,1,185.49864521453065,4109.407599020058,0,0
5,Slytherin,Half-blood,65.1700777581143,0,629.5687736854493,4075.7593431983796,0,0
5,Gryffindor,Half-blood,87.9626681944714,0,366.151191471733,5341.431975373703,1,0
7,Ravenclaw,Muggle-born,73.06243416838687,1,560.3132387304411,3307.2451423019575,1,0
2,Hufflepuff,Muggle-born,62.434181013402494,0,306.2711597347698,2491.8121456460713,0,1
3,Gryffindor,Pure-blood,73.71884839034088,0,543.6279200265061,2843.021524857708,0,0
7,Gryffindor,Pure-blood,93.00759790634311,0,363.7024556387843,3976.9751455534993,0,0
3,Hufflepuff,Muggle-born,86.50221742113493,0,392.7427725550062,3271.3219330542092,0,1
3,Gryffindor,Muggle-born,74.5134786559214,1,566.2979009592545,3707.9914544869744,1,0
5,Slytherin,Muggle-born,74.50742295681572,0,435.44217854044757,3545.966419680556,1,0
4,Gryffindor,Half-blood,74.78364948782617,0,557.0572172324466,4990.238453705183,1,0
3,Slytherin,Half-blood,98.76747983560841,1,471.3738022034974,3413.0343129076778,0,0
6,Slytherin,Muggle-born,81.81935452231554,1,510.12405218709125,3622.6579230521897,1,0
5,Hufflepuff,Half-blood,82.3004164719107,0,566.7629707030103,4717.283581158776,0,1
2,Gryffindor,Half-blood,88.30283454031843,0,447.49723181132885,3435.018088967924,0,0
4,Hufflepuff,Pure-blood,80.38789159026514,0,350.5925320997339,4423.212374457018,0,0
6,Gryffindor,Muggle-born,75.40957854179297,1,420.1531601105315,4331.485262021759,0,0
6,Gryffindor,Muggle-born,76.03650150915021,0,679.2708769750154,4141.765858961079,1,0
2,Ravenclaw,Half-blood,77.28398740585936,0,517.4259626114824,2865.60361729351,0,1
4,Gryffindor,Muggle-born,77.62777763490159,0,373.2652319884289,5229.774224521937,0,1
5,Hufflepuff,Pure-blood,85.2762954363698,0,560.2340912581578,6220.683796583114,0,0
1,Slytherin,Pure-blood,78.519458858073,0,570.2473377408708,4008.828138267395,0,0
4,Gryffindor,Pure-blood,85.3264007721558,1,577.9998613696715,2953.645126629625,0,0
2,Ravenclaw,Muggle-born,77.19283419891417,0,353.3244199443071,4029.102708325023,0,0
6,Hufflepuff,Muggle-born,78.7863519031609,1,397.64135085711575,4989.860140585999,1,0
5,Gryffindor,Muggle-born,58.01799315467892,1,398.4756175419483,3384.812324284393,0,0
4,Hufflepuff,Muggle-born,87.16327674702481,1,445.90281319007124,3871.1008158818104,0,0
1,Ravenclaw,Muggle-born,81.46488475897992,2,580.8378777715602,4340.654136412141,0,0
1,Ravenclaw,Pure-blood,87.98010109859652,1,544.427720709652,5203.047852205925,1,0
3,Hufflepuff,Half-blood,49.03744621806311,0,556.2825435735743,4775.423733089375,0,0
3,Gryffindor,Pure-blood,98.88374704780728,0,703.1028713557284,4816.867969532263,0,0
7,Slytherin,Muggle-born,76.60410371844826,0,603.3336398737445,3573.7314433235747,0,0
2,Ravenclaw,Pure-blood,89.08182816737516,0,478.7297562505869,4401.918955173923,0,0
4,Gryffindor,Muggle-born,67.60094072874469,0,322.4172235921251,3278.036672874871,0,1
4,Gryffindor,Muggle-born,84.12773905062569,0,392.81794872936945,4845.526099885212,1,0
7,Slytherin,Pure-blood,67.46584436826343,2,460.744239848266,5151.219640785614,1,0
6,Ravenclaw,Muggle-born,71.76231039304194,0,624.369474100417,4553.363568772623,0,0
6,Ravenclaw,Half-blood,97.14031353866787,0,495.900209884086,3632.5894132051844,1,1
7,Gryffindor,Muggle-born,76.09317599236654,0,401.57060676673353,3796.272871958402,1,1
6,Gryffindor,Half-blood,80.17432873179723,0,390.0660671409161,5806.51621066201,0,0
3,Slytherin,Half-blood,86.70067730688754,0,489.5632686618161,3649.289555376504,0,0
4,Slytherin,Muggle-born,82.95681887972604,0,633.498134332565,5049.994167450568,0,1
7,Ravenclaw,Pure-blood,79.50418905143576,1,738.6528958662676,4338.891598218522,0,0
4,Hufflepuff,Half-blood,81.64961002466225,0,469.13471029554984,3665.8635515401575,1,0
1,Ravenclaw,Pure-blood,100.0,0,493.2885228856103,2655.350972530575,1,0
3,Gryffindor,Half-blood,77.42381202966415,0,317.90874407639257,4211.600380588507,1,0
5,Ravenclaw,Muggle-born,80.01099046714967,0,790.8788853649199,4091.1008666061225,1,0
3,Hufflepuff,Muggle-born,88.50654396007612,1,289.8495742765874,5806.534671459333,0,0
7,Slytherin,Half-blood,89.05525932957984,0,675.7493467670826,3139.807304577502,0,0
5,Hufflepuff,Muggle-born,89.8703030556038,2,445.1996070481294,6294.768591547785,1,1
1,Hufflepuff,Half-blood,84.38730222029184,0,410.09502592395216,4378.8105294965935,0,0
7,Hufflepuff,Muggle-born,66.56995087269516,1,333.499464217111,4377.829221222158,1,1
2,Slytherin,Pure-blood,94.33431532301096,0,861.5072974110701,3406.92786556777,1,0
4,Hufflepuff,Muggle-born,66.53654606981311,0,533.2237434917591,4314.706307554468,1,0
1,Hufflepuff,Pure-blood,81.02635465239034,0,503.1920655656095,4473.050928233213,1,0
4,Hufflepuff,Muggle-born,70.45724149980641,0,633.0098539331814,4937.327291820877,0,1
6,Gryffindor,Pure-blood,77.35861653407008,0,402.3750911555055,3021.677792408057,1,0
2,Hufflepuff,Muggle-born,81.2876241030348,3,500.27689328465084,5406.780855788038,1,0
2,Slytherin,Pure-blood,81.21357215450273,1,508.45044302181816,4361.41552377198,0,1
1,Hufflepuff,Half-blood,82.21920754235285,1,423.17814014778,4608.228895307312,1,0
2,Hufflepuff,Half-blood,94.13711269058646,1,679.9457118778871,3779.0577384952394,0,1
5,Slytherin,Pure-blood,82.5353430151398,2,467.20183827561436,3071.8573617209495,1,0
2,Hufflepuff,Muggle-born,75.55843364709351,0,267.03019199467553,4072.7246274032873,0,1
4,Slytherin,Pure-blood,87.64087168288357,1,454.77539547186893,4187.295549823219,0,0
4,Hufflepuff,Muggle-born,89.89470488924641,1,537.3768007570845,2614.5717318855095,0,0
7,Slytherin,Half-blood,65.72392184863007,0,365.97601491685873,4793.285405165125,1,0
4,Hufflepuff,Muggle-born,83.97400069849859,0,377.81078102443416,4996.524633896581,0,0
7,Hufflepuff,Half-blood,85.01172742310898,0,418.0611442810939,3270.335376178873,0,0
4,Gryffindor,Muggle-born,75.02436496640009,1,683.1853490100441,2977.4146497279085,0,0
5,Gryffindor,Muggle-born,91.75706813311619,0,426.92629660314407,3697.038623125699,1,0
7,Hufflepuff,Muggle-born,76.49944412967473,0,714.3675527826547,4023.8950969862994,0,0
3,Hufflepuff,Pure-blood,79.25576453471542,0,407.75743427774967,3735.8289900846657,0,0
6,Ravenclaw,Pure-blood,76.26928175716131,2,548.7521204384813,3939.082167229217,1,0
1,Slytherin,Half-blood,78.15579047581467,2,433.06359886703734,4221.477697675916,0,1
4,Ravenclaw,Half-blood,67.03724913104799,1,613.1124755435708,2631.731061274371,1,0
2,Gryffindor,Pure-blood,63.59949117405706,0,332.2588768152081,2746.704372696735,0,0
4,Gryffindor,Half-blood,93.94505063224972,1,611.4289219365847,1277.7222590768552,1,0
2,Gryffindor,Pure-blood,69.53038651681672,2,517.0804100464526,4942.545228453471,0,0
6,Gryffindor,Muggle-born,68.08607650543692,1,404.00122748338265,4015.2270206174494,0,0
6,Hufflepuff,Half-blood,56.466098863962856,0,475.0667772934774,5047.851131465157,1,0
6,Gryffindor,Half-blood,71.61038252310497,1,730.0782411548262,2862.2620041886075,0,0
2,Hufflepuff,Pure-blood,64.76910206592501,0,520.6766757321175,4024.407339533162,1,1
4,Hufflepuff,Half-blood,94.4201516013637,0,394.5907976131042,4214.826506116601,0,0
6,Gryffindor,Half-blood,88.09817089342634,1,319.29600757578305,3438.217505169985,0,0
5,Gryffindor,Muggle-born,71.11849654822277,1,575.8106410146496,2446.572201533207,0,0
7,Slytherin,Half-blood,100.0,0,529.3767870516028,5745.8713361351565,1,0
2,Ravenclaw,Muggle-born,87.81765486991594,0,604.2531042632336,5399.283341270051,0,0
2,Gryffindor,Pure-blood,74.75168616491378,1,280.6662890465237,3618.067728274635,0,0
4,Slytherin,Half-blood,53.005942851264265,0,324.160932066275,4510.227645169607,0,0
2,Slytherin,Muggle-born,100.0,1,672.031879887785,3515.209323643107,0,0
2,Ravenclaw,Pure-blood,64.10427533236404,2,549.7012470169011,3004.5963969752524,0,0
6,Hufflepuff,Half-blood,61.546012530431085,0,580.0101276856343,5827.261504957014,1,0
4,Gryffindor,Pure-blood,88.2257043200964,0,355.596945183807,2344.6311185941986,0,1
6,Ravenclaw,Half-blood,100.0,2,352.8519202506622,3714.496303028885,1,1
7,Gryffindor,Pure-blood,91.84272818510519,0,648.6887987288133,4084.323827242234,0,1
7,Slytherin,Pure-blood,83.6390912005236,1,655.7566482147723,5651.236578687286,1,1
6,Slytherin,Muggle-born,83.94754341665286,1,336.75207694564193,4896.588654236019,1,0
7,Hufflepuff,Pure-blood,86.53415558780307,1,308.09442562207323,2327.7502254326814,0,0
4,Slytherin,Half-blood,85.58928589786765,0,483.7110543931334,3997.249758965818,1,0
1,Slytherin,Half-blood,80.81191423969376,0,380.09773199359904,4021.0601983643596,0,1
6,Ravenclaw,Muggle-born,79.04201103951875,0,376.97346814309617,3771.6616647005576,1,0
5,Gryffindor,Half-blood,77.37406872100478,0,312.2932630358911,4619.809107530301,1,0
5,Gryffindor,Half-blood,70.46035411133323,0,429.734922757945,2590.8930722440227,0,0
2,Ravenclaw,Half-blood,75.19324923133226,0,326.79578860507013,3591.3640874633297,0,1
7,Hufflepuff,Pure-blood,61.07043185804615,0,335.68986454861454,4478.818748213075,0,0
5,Gryffindor,Pure-blood,77.0166037320525,0,544.7587769849457,4679.575685160641,0,1
2,Slytherin,Half-blood,68.11408892849083,2,491.72026485689355,4149.419473509197,0,0
1,Gryffindor,Muggle-born,66.96410682784229,1,572.7318022298198,3711.607799699701,0,0
4,Slytherin,Pure-blood,79.79894151153478,0,252.64498469760406,3880.0587263735274,0,0
4,Hufflepuff,Muggle-born,91.920022863446,0,501.4820914744645,4740.407122377237,1,0
4,Ravenclaw,Half-blood,87.18316606002313,0,811.3456313248757,4033.90078412546,0,0
5,Gryffindor,Half-blood,62.29499396376823,1,444.1591273571601,2958.152454559471,0,0
1,Ravenclaw,Pure-blood,68.10371863429663,0,623.7123509858446,2766.5024160550965,1,1
5,Gryffindor,Half-blood,87.40771187988216,0,622.4010273161634,2510.3625785638906,0,0
7,Slytherin,Pure-blood,68.1751260646169,0,629.7797912001913,5455.580818489354,0,1
5,Ravenclaw,Half-blood,75.75366850002976,0,524.9992530585985,4807.461835612445,0,0
1,Gryffindor,Half-blood,83.50052099024552,0,584.9128974116321,3893.512116819453,1,1
1,Slytherin,Pure-blood,68.31655545136366,0,604.8520430019508,3546.2075148359163,1,0
7,Ravenclaw,Pure-blood,79.0537550614596,2,595.3169042471536,3426.0699920326424,0,1
1,Ravenclaw,Pure-blood,64.65974505081796,1,332.38727397299056,5093.23710758221,1,1
1,Gryffindor,Half-blood,71.98632356048786,0,243.89232761840196,5904.433508174741,0,0
4,Gryffindor,Half-blood,81.19781934142537,0,266.96246848777895,3394.607076072461,1,0
7,Gryffindor,Muggle-born,62.070062664683306,2,459.47600114260047,5138.41552065571,1,0
3,Slytherin,Pure-blood,82.40474737960399,0,589.0890101633967,4028.012915358889,1,0
3,Gryffindor,Half-blood,77.80362201073319,1,334.3383083732623,3787.5710700895334,0,1
1,Ravenclaw,Half-blood,83.52489954417148,1,638.5955687876606,5504.214282829923,0,0
3,Ravenclaw,Pure-blood,80.23914134064661,0,424.65872382381707,3989.834279257223,0,0
3,Gryffindor,Muggle-born,91.64140429973844,0,426.08671832088817,4296.364439254636,1,0
1,Gryffindor,Pure-blood,79.25224502647907,1,374.58395061805993,4248.273932911446,0,1
3,Hufflepuff,Muggle-born,73.70594458874747,1,217.28204614755896,2374.400633340548,1,1
5,Ravenclaw,Half-blood,79.22297503032284,1,534.397119265197,4288.411148716062,1,0
2,Slytherin,Muggle-born,83.43298029036387,1,756.9001569257853,3437.3079755597673,0,0
7,Hufflepuff,Half-blood,78.48860070325705,0,490.6003214701155,2578.8468598543786,1,0
2,Gryffindor,Pure-blood,78.40591691203882,0,222.40525374577214,3482.8629195512376,1,0
1,Gryffindor,Pure-blood,70.98008312193245,1,617.0514217424669,3474.611130363054,1,0
4,Ravenclaw,Pure-blood,71.37099082449052,0,256.2803014845516,5029.882539130331,1,0
7,Gryffindor,Muggle-born,63.97394728200307,0,318.64484045162214,2936.2103838979683,1,0
1,Slytherin,Half-blood,95.4957674318694,0,464.24927415296435,3210.1525609507453,0,0
4,Ravenclaw,Pure-blood,65.56136764608715,1,518.4265157810297,4235.388260548012,1,0
2,Gryffindor,Pure-blood,71.07094802204092,1,348.70039982497576,2674.206228645752,0,0
1,Ravenclaw,Half-blood,70.81592734430802,0,458.4025915151029,3340.9932417676664,1,0
7,Gryffindor,Pure-blood,86.94924376944441,0,607.2743601141027,2335.523264666778,1,0
7,Gryffindor,Half-blood,75.05050321707972,0,627.8268327212028,4920.011460005396,0,0
6,Gryffindor,Half-blood,90.47742072673734,0,687.7184632721396,3698.636879559814,1,0
5,Slytherin,Half-blood,71.26509375756132,1,786.412797844024,3984.0821549977577,0,0
3,Slytherin,Half-blood,80.78994162223802,1,621.4833982491675,4916.01031979109,0,0
4,Ravenclaw,Half-blood,69.64652946740243,0,467.48952283936393,3277.731116346113,0,1
6,Gryffindor,Muggle-born,99.45149127773388,1,628.8970686684459,3688.012991351996,1,0
3,Gryffindor,Pure-blood,66.12401580970487,0,570.0074351007773,2943.6720006942587,1,0
3,Slytherin,Muggle-born,81.09820710227028,0,575.9550466289381,2941.4962790041877,1,0
1,Gryffindor,Pure-blood,84.33776880932099,0,526.5828177607528,3079.417105994121,0,0
3,Slytherin,Muggle-born,82.13799097451498,1,363.191884676914,3507.5096091663345,1,0
5,Gryffindor,Half-blood,76.14712341122292,2,345.7855388267105,3615.2044658269347,1,0
7,Ravenclaw,Pure-blood,76.70179300266574,1,485.4322698387286,4288.63215089838,0,0
6,Gryffindor,Pure-blood,78.4381147197911,1,522.3365113769557,3108.7830519581003,0,0
3,Gryffindor,Muggle-born,76.52997998371511,1,398.08386156024307,4319.632675917476,0,0
1,Hufflepuff,Muggle-born,87.6387911679491,0,563.5012922912863,4485.001291523228,1,0
5,Slytherin,Pure-blood,100.0,1,812.1148856058784,3532.177817167734,1,0
2,Gryffindor,Muggle-born,72.42508214992166,0,238.35039210826136,3195.2754275816187,1,0
7,Gryffindor,Muggle-born,64.30197020420923,0,587.3366716345641,4085.07903197999,0,0
7,Hufflepuff,Muggle-born,77.11717951648745,1,490.1038068663785,3797.082536989555,1,1
6,Hufflepuff,Half-blood,100.0,3,567.5983333001982,4220.351829273545,0,0
7,Slytherin,Half-blood,69.9632543203027,0,435.3927949309563,5569.866436259967,0,0
3,Hufflepuff,Muggle-born,94.39116805444067,0,478.091017242925,4068.6370484277154,1,1
1,Ravenclaw,Muggle-born,94.77700814076441,1,519.4250676512148,3360.769438719868,0,0
7,Hufflepuff,Half-blood,72.46411758292005,0,454.7549174697109,3109.1103880579412,1,0
7,Ravenclaw,Half-blood,83.68983079185276,0,271.9188023945152,3147.7983686784164,0,0
2,Slytherin,Pure-blood,94.28396623128538,1,464.912745403332,2537.233692888879,1,1
2,Slytherin,Pure-blood,74.20872259012513,0,287.5349557705709,4932.743608345579,0,1
4,Slytherin,Half-blood,75.96419639897638,0,597.9789665870464,1766.7211806442356,0,0
5,Slytherin,Muggle-born,72.18319086051356,0,220.16823483828165,4488.104817719306,0,0
3,Slytherin,Muggle-born,67.85243269307134,0,654.2981569183835,3131.9360933247694,0,0
7,Ravenclaw,Muggle-born,71.50722454933992,0,564.4344500305219,3487.594785375882,1,0
7,Ravenclaw,Muggle-born,65.76059733237743,0,565.0082923600842,3102.0123584556113,0,0
1,Slytherin,Pure-blood,78.34083468259226,1,175.35351982282407,5445.864659642031,1,0
4,Hufflepuff,Half-blood,70.30026768941359,2,450.7100842862666,4016.315601685777,1,0
5,Gryffindor,Muggle-born,80.33785911790747,1,673.034514298979,4790.378525042852,0,0
4,Slytherin,Pure-blood,62.44104353796373,1,422.2088031454558,5300.526858596006,0,0
6,Hufflepuff,Muggle-born,81.30880232214457,1,338.2906775054429,4163.405474022404,1,0
5,Gryffindor,Half-blood,86.33528961608924,0,404.49948574914316,2804.3762291447874,1,0
7,Slytherin,Pure-blood,58.062643574285445,0,489.7583566040993,3779.3572498842277,1,1
7,Slytherin,Half-blood,81.74056569847572,1,372.29443245307834,3257.7519864337974,0,0
5,Ravenclaw,Half-blood,90.27668992473292,0,685.0725848133941,3496.495838112701,1,0
7,Gryffindor,Pure-blood,65.90358981308795,1,490.29987050144115,3905.376207350711,0,0
3,Gryffindor,Pure-blood,94.72572386837703,1,416.66459780781076,3865.8443579077357,1,0
5,Hufflepuff,Pure-blood,82.19019009366045,1,304.79847097466313,4412.109161020287,1,1
4,Ravenclaw,Pure-blood,70.94988144241591,0,572.6669907918407,4557.304293780487,0,0
5,Ravenclaw,Pure-blood,77.44230922342294,0,569.2499442067045,3865.8548237335426,0,0
7,Ravenclaw,Pure-blood,83.58326912521723,0,381.1686640722962,4403.4689181079175,0,0
3,Ravenclaw,Pure-blood,78.76005391412411,0,164.5506457528782,3450.6401450645585,0,0
3,Gryffindor,Muggle-born,83.38755992446369,0,561.6143284363826,5314.7798255965035,1,1
6,Gryffindor,Half-blood,68.79326406920634,1,471.97949131084965,3434.4887117823537,0,0
4,Slytherin,Pure-blood,79.69360824036077,0,550.4106751888504,5197.186484622428,0,0
2,Slytherin,Muggle-born,63.8628550309502,0,793.5761800459458,2523.9329082282784,0,0
2,Ravenclaw,Muggle-born,76.88773938651299,0,495.975223443641,3619.592742589154,1,0
5,Ravenclaw,Muggle-born,68.9609235853521,0,422.9242074735842,3669.0218263863944,1,1
6,Ravenclaw,Half-blood,70.64470057410233,0,327.90170485274894,4278.991794748474,0,0
1,Slytherin,Pure-blood,90.36093175210438,0,453.13673127574265,4861.816803218823,0,1
5,Hufflepuff,Muggle-born,88.9131012059427,0,524.0866024423461,2750.604796940472,1,0
6,Hufflepuff,Half-blood,84.09138120907177,0,507.99611308981406,2892.0169579570925,1,0
4,Slytherin,Half-blood,67.07687235327421,0,758.5198010100655,2598.091932283762,0,0
4,Slytherin,Half-blood,74.83591550305198,0,574.8628348198914,5320.184197198418,0,0
4,Slytherin,Muggle-born,90.13097699979184,0,479.7798692739185,4297.604942797122,0,0
4,Slytherin,Pure-blood,79.41716913639905,1,394.01591317497906,2915.628791542877,0,0
4,Slytherin,Muggle-born,100.0,1,540.0009145674981,3556.905126043929,0,0
6,Slytherin,Muggle-born,81.93317839394372,1,363.9487762426011,5181.761395661495,1,0
6,Ravenclaw,Pure-blood,79.92049116490031,0,526.974661930686,3721.880769688762,0,0
3,Ravenclaw,Pure-blood,74.908835357975,1,573.1120890357265,3662.8118622088273,1,0
2,Ravenclaw,Pure-blood,79.33540904782282,0,467.5321665842829,3218.7032931769413,0,0
7,Ravenclaw,Half-blood,76.47530163619456,2,405.45703339022873,2975.007686181237,1,0
4,Slytherin,Pure-blood,85.0810867668859,0,172.20547289976412,5183.323810443157,1,0
1,Hufflepuff,Muggle-born,87.56702316794585,0,671.5755089630586,5673.90158874206,0,1
7,Gryffindor,Pure-blood,70.14010539492051,0,560.4950585367923,3014.805597212652,0,0
6,Slytherin,Muggle-born,64.68767046442221,1,564.1425922377173,5404.94232921812,1,1
1,Gryffindor,Half-blood,59.637946268967035,0,265.79714963340507,3512.610583709895,0,0
1,Hufflepuff,Muggle-born,83.07991326912544,0,706.9758049610086,4533.647995368887,0,0
1,Ravenclaw,Muggle-born,66.96633393826127,0,430.21747000728794,5410.213804814408,0,0
3,Hufflepuff,Pure-blood,56.471094070475175,0,456.6807045950771,3854.923404296368,1,0
6,Slytherin,Pure-blood,81.88578604530964,2,339.6069716871762,3672.058079732641,0,0
1,Ravenclaw,Muggle-born,100.0,0,231.95814029902277,4801.080963788186,1,0
4,Slytherin,Pure-blood,77.93929088460106,2,673.6019467585351,2890.047162963751,0,0
5,Ravenclaw,Half-blood,86.38490774451643,0,692.9896054096437,5147.06137784043,1,0
1,Gryffindor,Half-blood,78.81829358547564,0,475.1707772970009,4142.809392442583,0,0
3,Gryffindor,Pure-blood,77.01110346808858,0,398.0923145290475,3422.2494918458233,1,1
7,Gryffindor,Half-blood,87.19076482987768,0,443.4433746298613,3395.8323966841454,0,0
6,Hufflepuff,Pure-blood,75.09725455811349,0,447.55775149466757,2616.5374881716343,1,0
3,Slytherin,Muggle-born,80.67392314071903,0,320.02104167306027,3463.8278333760104,1,0
1,Hufflepuff,Muggle-born,81.21697806196013,0,456.16171768342394,3735.962238005599,0,0
6,Gryffindor,Half-blood,71.31909546356951,1,522.9652989401488,2938.7064682885184,0,0
5,Slytherin,Pure-blood,87.92042349536523,0,652.7235871473129,3954.5350238709957,0,0
1,Gryffindor,Pure-blood,76.25040243304592,4,502.1366246020568,4472.917084525496,0,1
3,Hufflepuff,Half-blood,70.44254840507155,1,263.5472436650846,3786.5278640005813,1,0
2,Hufflepuff,Muggle-born,83.36509843570404,0,553.0321794798015,4662.725826519267,0,0
4,Hufflepuff,Half-blood,69.01532018208962,0,461.61041574953697,3192.8600170206637,0,1
7,Gryffindor,Muggle-born,78.28181157369129,0,705.5614540975799,5003.38276421994,1,1
3,Slytherin,Pure-blood,77.90881003355797,0,714.4186703066011,4121.814705774858,0,0
6,Slytherin,Muggle-born,88.85895565831578,1,719.668146840095,5545.257169754743,0,1
1,Gryffindor,Half-blood,82.74698232879953,0,415.7618096940081,6414.217312238733,0,0
4,Slytherin,Pure-blood,77.74973041254856,0,798.4782610006337,3529.7564076967187,1,1
1,Gryffindor,Half-blood,86.17766299200287,1,552.6413757343561,3570.936123098542,1,0
6,Slytherin,Half-blood,91.90207549017313,0,743.957060850295,3753.7578780512827,1,0
1,Ravenclaw,Muggle-born,83.57810306351863,1,424.60705792523606,4595.702250175515,0,0
2,Ravenclaw,Half-blood,78.10352619843381,0,455.21048935855606,5325.96997047509,1,0
4,Hufflepuff,Muggle-born,64.8816376764984,1,541.1041029008128,3347.1915158301967,0,0
4,Ravenclaw,Pure-blood,67.34886336924627,0,522.781641442091,4381.244266478073,0,0
6,Ravenclaw,Muggle-born,74.94775295645333,2,688.2217915203754,3864.0727101442326,0,0
7,Ravenclaw,Pure-blood,71.90487797840717,0,465.18060221773186,4618.1091025405885,0,0
2,Gryffindor,Muggle-born,76.13028697014553,0,674.6922485465534,5509.45769340769,0,0
3,Ravenclaw,Half-blood,78.56649924897107,1,609.835176069898,3759.6717625669853,0,0
1,Ravenclaw,Muggle-born,83.2969275435673,0,467.9911672089277,2330.1323333262694,0,0
5,Hufflepuff,Muggle-born,77.29501221940909,1,598.201492622347,4743.901676880293,0,0
1,Ravenclaw,Pure-blood,82.86501643826202,0,429.0102429750427,3167.2947813945475,1,1
1,Ravenclaw,Half-blood,78.6447441481012,0,852.5308700008582,3856.8842630362224,0,0
3,Slytherin,Muggle-born,58.24533433646128,1,100.35015183883297,4787.030836871614,1,0
1,Hufflepuff,Half-blood,68.60664606181246,0,600.9414806742559,4297.394853531108,0,0
2,Hufflepuff,Muggle-born,76.55912444278384,1,235.3106136084429,3898.279974446955,1,0
2,Hufflepuff,Muggle-born,65.90305257158893,0,466.15149451728973,3424.118287541679,0,0
4,Hufflepuff,Half-blood,83.99928729996205,0,487.1587865793131,1100.1062197250012,0,0
6,Hufflepuff,Muggle-born,93.30750832343698,0,726.1450338370526,4698.320815756202,0,1
7,Hufflepuff,Half-blood,90.18761851697317,0,396.17716818846645,3747.048300774236,1,0
5,Gryffindor,Muggle-born,75.86557129069791,0,696.2017873492667,5513.336278355726,1,0
1,Ravenclaw,Pure-blood,92.90726136849952,0,323.1775039662805,4398.02802996187,0,0
1,Hufflepuff,Half-blood,79.48667457202112,0,702.0004585632299,3458.874627465157,0,1
3,Ravenclaw,Muggle-born,74.62914028881961,3,428.8481837144791,5066.87008837604,1,0
6,Ravenclaw,Muggle-born,71.8659733645906,0,511.0151778861678,5151.129405958191,1,0
2,Gryffindor,Pure-blood,74.97530313511872,1,449.5432005334394,3780.968185647522,0,0
5,Hufflepuff,Half-blood,74.11823181458772,4,692.3545211173406,5193.644865573227,0,0
4,Slytherin,Muggle-born,79.70416222375488,0,663.1609764850621,3444.6919446139527,0,0
2,Gryffindor,Pure-blood,79.60573981049865,0,566.5252580876787,4159.647769407903,1,0
6,Slytherin,Muggle-born,78.03046020153414,0,327.21974231198385,4571.40838771878,0,1
7,Ravenclaw,Half-blood,82.3693816974635,0,392.7467197954636,4784.781584014189,1,0
4,Ravenclaw,Muggle-born,89.90646274786342,2,345.71352117408117,4621.52184861589,0,0
7,Gryffindor,Muggle-born,87.49554135441323,4,162.77856698117552,3667.3428194368275,0,0
3,Gryffindor,Muggle-born,63.151020315500965,2,689.197715277507,5093.697640691442,0,0
3,Slytherin,Muggle-born,52.46078865098045,0,450.82647104859547,3875.5726768935815,1,0
1,Hufflepuff,Pure-blood,87.34319911239274,1,449.2259053561554,3430.9726377248066,1,0
7,Slytherin,Pure-blood,64.33121301584579,1,724.415335013834,3445.662032686669,0,0
6,Gryffindor,Half-blood,75.75234598107316,0,428.60170964204485,5939.988391476335,1,0
5,Slytherin,Pure-blood,66.2988697394064,0,373.92935964711035,3258.016571908055,0,0
4,Gryffindor,Pure-blood,59.9801956241998,1,466.2881569227523,5291.635226760447,0,0
2,Slytherin,Half-blood,83.41462728204787,0,330.09964221846553,2864.5333041898302,0,1
6,Gryffindor,Pure-blood,85.59155160302647,0,551.6533653931934,4487.905445074186,0,0
6,Gryffindor,Pure-blood,72.2348959927328,0,443.9506882603745,4297.083451490835,0,0
3,Gryffindor,Half-blood,52.0895770785509,1,423.9092884109281,5621.226879726228,1,0
7,Hufflepuff,Half-blood,72.53755551747517,1,410.9145241969547,3345.598104831485,0,0
1,Slytherin,Half-blood,81.91804005402547,0,484.0667759236983,3069.335782039613,1,1
1,Slytherin,Muggle-born,63.21088431225871,2,512.5221688279777,3883.489621653018,0,0
4,Slytherin,Muggle-born,79.83359919779156,0,422.00373673887174,5664.801829240452,1,0
3,Gryffindor,Half-blood,77.84690150827005,0,446.18510958572796,3115.841520056232,0,0
6,Slytherin,Half-blood,83.79291499601088,0,487.77157597709765,1411.5833677958003,0,0
5,Slytherin,Half-blood,79.19580368414154,1,472.6372796690692,4059.7678373732824,0,0
3,Gryffindor,Muggle-born,68.26931059118445,0,504.6613950312521,4949.522917961009,0,0
4,Ravenclaw,Muggle-born,89.96571501664491,0,398.49937951279793,2986.194067360137,1,1
4,Gryffindor,Pure-blood,76.4147042697303,2,650.6889363689736,4847.932173353264,0,1
3,Slytherin,Pure-blood,77.72695460490068,1,514.5242266114276,2964.0890149875436,1,0
4,Gryffindor,Half-blood,68.66732040926804,0,424.42298707626844,3853.441464308321,0,0
3,Ravenclaw,Muggle-born,73.5671774880849,3,551.6576326067802,4752.682315286057,0,1
2,Gryffindor,Muggle-born,69.15197285973099,0,488.84471017719284,2812.5345982615618,0,0
3,Slytherin,Muggle-born,76.27053940076577,1,239.9260468274498,4181.5133315075545,1,0
7,Ravenclaw,Half-blood,95.11708480142343,0,551.142903533244,5214.973511292237,1,0
3,Hufflepuff,Pure-blood,64.28098857068643,0,347.0740696423719,4473.934099211351,0,1
4,Slytherin,Half-blood,61.86438602123259,1,640.1641674846961,3279.3739424092323,0,1
7,Ravenclaw,Pure-blood,92.71170327493608,0,463.73755416598294,5518.718352716794,0,0
4,Ravenclaw,Pure-blood,75.90676322848134,1,617.0105446086595,4658.3925119224905,1,0
1,Hufflepuff,Half-blood,71.30927261340084,0,405.46721702035893,2139.5520000756933,1,0
1,Gryffindor,Pure-blood,88.39904687396077,0,510.48939007109595,4864.243614734227,0,0
7,Gryffindor,Pure-blood,71.94384460263136,0,681.5365250760315,3428.6257475827233,0,0
2,Slytherin,Muggle-born,96.26009713546937,0,459.6475180377766,4196.563547642464,0,0
1,Hufflepuff,Pure-blood,84.7792587133927,0,411.3774351896293,5008.00400429326,1,0
3,Gryffindor,Half-blood,73.12088591854297,1,598.2560920672684,3450.395415335166,0,1
4,Hufflepuff,Half-blood,99.57308213265503,1,595.3492395126441,2354.407385958186,1,0
1,Gryffindor,Pure-blood,71.94285076996661,0,417.6876299877772,5505.545191905829,0,0
1,Ravenclaw,Muggle-born,85.42095372009307,0,202.18084693733567,5164.583471201948,1,0
2,Gryffindor,Muggle-born,80.99292580406492,0,408.4965533752466,3912.743986817054,1,0
7,Hufflepuff,Pure-blood,91.01741289398798,1,601.6039282529633,4853.421451492115,1,0
7,Ravenclaw,Pure-blood,93.61511196726853,0,383.7448715864414,3630.6132679363154,1,1
6,Ravenclaw,Half-blood,78.32004149065767,3,498.35932444757066,4096.970176760849,1,1
2,Ravenclaw,Pure-blood,70.46582129653817,1,401.37725930504837,3855.71205736326,0,0
3,Hufflepuff,Muggle-born,82.59972142939117,0,210.17492562109254,3671.0559146426976,0,0
7,Slytherin,Pure-blood,71.22284630247894,0,398.6778234440108,4359.302580085755,0,1
4,Slytherin,Half-blood,98.13387247526623,0,600.9698031034568,2791.821176354412,1,0
2,Slytherin,Half-blood,79.36535331082737,0,144.46212799012818,3748.419169234421,0,0
1,Hufflepuff,Half-blood,74.34678448687892,0,537.8251025713364,4314.479472483405,1,0
4,Ravenclaw,Half-blood,79.84680305864909,1,322.089615290088,5838.100707961636,1,1
4,Slytherin,Half-blood,64.52873710470304,0,591.2663104211288,2832.465784687304,0,0
1,Hufflepuff,Pure-blood,68.28385961489349,0,607.147840381048,4520.553057732427,0,0
2,Slytherin,Pure-blood,90.00413907944426,1,474.2078097633086,4630.148776427862,0,1
1,Gryffindor,Pure-blood,71.43105721028604,0,474.5497761828167,2123.2812693172637,0,0
6,Slytherin,Pure-blood,67.53089017318061,2,379.0455954295548,4410.532014409252,0,0
4,Slytherin,Half-blood,83.36652752527286,1,298.1624899842551,4880.285078983781,0,0
5,Ravenclaw,Muggle-born,89.85704154662997,1,754.71393595006,4588.652679382435,1,1
5,Hufflepuff,Pure-blood,85.18953310665067,1,370.23928592433083,3916.0727451273247,1,0
3,Ravenclaw,Muggle-born,87.96047685805816,0,735.1694196794708,4333.240036522428,0,1
7,Ravenclaw,Pure-blood,70.43204911430539,0,371.0749940299735,4169.84469724903,0,0
1,Ravenclaw,Pure-blood,63.78189333258156,0,578.7785585506592,2310.5426616848054,0,0
1,Ravenclaw,Muggle-born,93.01333651955487,0,329.3289260519548,4193.320324754466,1,1
3,Ravenclaw,Half-blood,74.77320161157864,1,578.5092525353023,3632.9295940183274,1,0
3,Slytherin,Pure-blood,75.49166983544953,0,451.1618964270317,3295.177829002017,0,0
3,Ravenclaw,Pure-blood,91.28194141849058,0,453.1225758986494,6484.969953586654,0,0
4,Ravenclaw,Pure-blood,83.5623000940066,0,591.5034754676676,5252.615719619557,1,0
6,Hufflepuff,Muggle-born,82.55887772081607,1,429.6287952381353,2849.8279396856124,1,0
1,Gryffindor,Half-blood,99.65002344901083,0,285.77772568323536,4346.636196565839,0,0
4,Slytherin,Muggle-born,71.56481769619857,0,614.1958345114178,5458.025275564325,1,0
3,Slytherin,Muggle-born,87.27840128081237,0,328.1149115026508,2503.800845923998,0,1
1,Slytherin,Half-blood,78.57013124897084,0,577.4775926596865,4076.983141407154,0,0
4,Ravenclaw,Muggle-born,80.68592278863257,2,645.94948179995,4124.072725719494,1,1
6,Ravenclaw,Half-blood,93.28468426412532,1,443.6759170471674,2725.507117500977,1,0
4,Ravenclaw,Pure-blood,83.07835756289624,1,677.3529266137676,4379.550304612229,0,0
6,Hufflepuff,Half-blood,83.38296079049633,0,572.2675561791926,5116.246390518125,1,0
3,Gryffindor,Pure-blood,88.72507337309803,0,395.62078697828366,5508.047591419154,0,0
6,Ravenclaw,Muggle-born,74.35047270457115,1,710.2143503399112,3750.6358983740542,1,0
1,Gryffindor,Muggle-born,69.60790332660994,0,328.74922673909145,6501.645035135112,0,0
3,Hufflepuff,Pure-blood,67.55190805978967,0,443.49493551446517,1942.033246603245,1,1
1,Slytherin,Muggle-born,58.33643410623998,3,469.05277945710066,4356.216709814462,1,1
5,Ravenclaw,Half-blood,98.56207129940321,0,590.7835551527384,2587.705680070145,0,0
2,Gryffindor,Pure-blood,66.96791634278317,0,667.3149946071702,4090.1826374968996,1,1
6,Gryffindor,Muggle-born,75.78746376414227,1,657.918733535407,3478.0932498949705,1,0
2,Ravenclaw,Pure-blood,75.2318670011108,0,533.5622479361459,4506.877456390561,1,0
2,Slytherin,Half-blood,81.07406697809101,1,457.959634330465,3873.1192858978056,0,1
6,Slytherin,Half-blood,86.15737212539297,1,226.1023637558555,3174.0158219734835,1,0
3,Slytherin,Muggle-born,86.60473488359746,1,302.8781218317175,3239.70905243602,1,0
5,Hufflepuff,Half-blood,72.16922561431062,0,764.9983233937153,5932.459497449553,0,0
1,Gryffindor,Pure-blood,76.32878286213588,0,224.5892018746191,4443.523738462415,1,0
4,Gryffindor,Half-blood,80.825799504883,0,382.32640351368354,2297.871293461612,0,0
1,Gryffindor,Pure-blood,75.51308873816453,1,671.6909423075135,4550.7877351167635,0,0
4,Hufflepuff,Pure-blood,94.07345576019992,0,531.4569948796051,3805.323337642003,0,1
1,Gryffindor,Half-blood,82.90974951638252,0,639.2067606508538,4004.601087097139,0,0
6,Hufflepuff,Muggle-born,85.34877786049817,0,581.4242526906015,4819.888153981797,1,0
5,Slytherin,Half-blood,84.62881268667412,0,720.437380604133,5183.227173712846,0,0
4,Ravenclaw,Pure-blood,89.73473857485325,2,544.3140929847327,3141.187272079311,1,0
7,Gryffindor,Pure-blood,79.81021558703706,1,599.5171593727267,3970.258345844616,0,0
3,Gryffindor,Half-blood,65.03168052044154,2,391.36302019124895,3453.8889972614306,0,0
1,Slytherin,Muggle-born,81.99687951752642,1,587.9499463367205,4596.8621810742625,0,1
1,Ravenclaw,Muggle-born,71.4864310620817,1,440.5810853016157,3767.6955062638303,0,1
4,Hufflepuff,Pure-blood,72.71383318250243,0,432.03411980289314,4029.2514797018753,1,1
3,Ravenclaw,Pure-blood,83.86364018755093,0,634.2085271970707,3729.7232389898354,1,1
3,Slytherin,Muggle-born,90.38283071433636,2,635.2435064089045,3893.8804844306683,1,0
6,Slytherin,Half-blood,78.21271576736062,1,753.2663233619197,5704.651005928135,0,1
7,Ravenclaw,Pure-blood,81.08833012598964,1,743.4894778229302,6390.766164767724,0,0
6,Hufflepuff,Pure-blood,95.02214944635239,0,637.5972742038164,4377.092093742476,0,0
6,Hufflepuff,Muggle-born,80.40753179488568,0,241.93315846449315,3900.030220183097,0,0
6,Gryffindor,Half-blood,100.0,1,774.1521474424544,2404.363239110317,0,0
6,Hufflepuff,Muggle-born,83.65509645631545,0,637.6951505999543,3239.5818001886264,1,0
6,Ravenclaw,Half-blood,60.39237240844182,0,385.1209864870546,3873.263964214094,0,1
5,Slytherin,Half-blood,85.53341621104532,1,609.3363733344173,3284.936779362574,1,0
3,Gryffindor,Half-blood,81.81158384882778,2,344.41013885559073,3390.0992371280777,0,0
6,Gryffindor,Pure-blood,90.89752754082745,0,592.7945180164613,5575.389474056165,0,0
3,Slytherin,Muggle-born,84.73181351269959,1,302.55949383888515,4028.7908137384816,1,0
3,Hufflepuff,Muggle-born,76.61544016016227,0,378.7672386820045,4118.211991401937,0,0
2,Slytherin,Half-blood,65.75701763710634,1,606.489369380079,3325.8094396617735,1,0
5,Hufflepuff,Pure-blood,75.90976742713974,0,660.933011448934,5177.5447247695865,1,0
6,Slytherin,Pure-blood,69.494795457907,2,548.8155289150716,3787.421372011432,0,0
1,Ravenclaw,Muggle-born,72.19476550195277,1,457.07470449680443,3479.1363348491436,1,0
4,Hufflepuff,Pure-blood,83.88578404420609,0,182.7700557474514,2419.2491826905584,0,0
7,Ravenclaw,Pure-blood,94.69904504351406,0,468.646835052296,3938.8980862486337,0,0
1,Gryffindor,Half-blood,81.9467152982298,1,580.0227615236792,3447.941998222598,1,0
5,Slytherin,Pure-blood,66.04116937964815,0,452.48523410965294,5684.5797460169,0,0
4,Gryffindor,Half-blood,82.4460266822014,0,496.61330883583724,5843.898692001951,1,0
5,Gryffindor,Muggle-born,89.96631486645651,1,472.1573798123119,2764.7195052337256,1,0
3,Gryffindor,Pure-blood,71.90217095680617,1,451.74406732678494,2877.846762119003,1,0
4,Gryffindor,Muggle-born,76.65982833327082,1,511.3816084939719,3723.680364873552,0,0
3,Slytherin,Muggle-born,78.14688194729197,2,459.09581267713094,3183.962104605728,0,0
1,Gryffindor,Pure-blood,70.1510168691776,1,716.4934330447913,4217.416575686713,1,0
1,Slytherin,Pure-blood,84.4828043384386,0,169.03717274244008,3673.3765109144324,0,0
4,Slytherin,Muggle-born,76.79051851392218,0,418.12361210433835,4280.532340555258,0,1
4,Ravenclaw,Pure-blood,82.19532443907028,0,369.46156647241617,5016.093521646967,0,1
6,Hufflepuff,Half-blood,69.125078221979,0,532.8665900051615,2935.7784896644926,0,0
5,Hufflepuff,Half-blood,73.62541699676589,1,511.57171788246893,4995.211222477398,0,0
6,Slytherin,Pure-blood,85.22381357827771,1,743.3289652324144,3271.347585679823,1,0
5,Ravenclaw,Muggle-born,74.27166847908234,0,792.6713072446692,6148.482849148775,1,1
6,Slytherin,Pure-blood,95.26963851233405,1,384.0374816644278,5620.975966249389,0,1
3,Slytherin,Pure-blood,74.00363814385398,0,500.07500975504445,3886.9196641137646,0,0
4,Slytherin,Muggle-born,80.24684725751887,1,529.4456625386533,3036.4165554699584,0,1
1,Ravenclaw,Muggle-born,87.3259083187309,0,380.3279377493996,2845.1340203254167,1,0
5,Hufflepuff,Half-blood,63.816342670669684,0,594.2573054056435,4873.62850207453,0,0
5,Ravenclaw,Muggle-born,60.39191188019224,1,464.0738946852583,3969.5972334695016,1,0
1,Gryffindor,Half-blood,62.74343685429905,1,339.85477240985335,4926.866885751958,0,0
6,Ravenclaw,Muggle-born,90.62584103427182,0,458.0647543600185,6204.22896929564,1,1
5,Ravenclaw,Pure-blood,72.48141854107553,0,350.3488140889027,3229.6170612838764,0,0
7,Ravenclaw,Half-blood,100.0,1,655.4970244128883,2769.861756241912,1,0
3,Ravenclaw,Half-blood,72.35752401342612,0,785.2338882670506,4192.560234532626,0,1
4,Hufflepuff,Half-blood,79.84551303197037,0,536.722906084181,5144.759611452298,1,1
1,Gryffindor,Pure-blood,93.42109952567876,0,516.6915152079913,3059.539710214243,0,0
4,Hufflepuff,Pure-blood,98.06092888159122,1,522.8652150311278,4034.624738759246,1,0
7,Hufflepuff,Pure-blood,98.61503576636397,0,677.3351043407472,5370.04366117099,1,0
5,Ravenclaw,Pure-blood,90.08366230593143,0,674.1048505395775,2367.1221615096274,0,0
5,Slytherin,Pure-blood,88.24062525811462,1,482.6519647177654,4235.317961439099,1,1
7,Slytherin,Half-blood,83.92526949201184,0,537.8884891068637,3459.8969064012153,0,1
1,Hufflepuff,Pure-blood,85.78361076166638,1,597.8969610765618,4124.156590971303,0,0
3,Hufflepuff,Half-blood,72.48814283671467,0,329.3468815173899,4709.784290583688,0,0
2,Ravenclaw,Pure-blood,69.81801116577692,0,681.8912356130685,4220.808507888091,0,0
1,Hufflepuff,Muggle-born,77.96625542589048,0,760.2247836840841,2989.777597888145,1,1
2,Ravenclaw,Half-blood,76.29815377475072,0,674.7548157259185,3498.7538617665214,1,0
7,Slytherin,Muggle-born,73.46771950672725,0,313.1609132578168,5426.592980324466,0,0
6,Slytherin,Half-blood,84.96387447456715,0,204.4999316871689,4328.932893924099,0,0
2,Gryffindor,Muggle-born,87.5530520857051,0,606.3078010276897,4840.3191275848485,1,0
3,Slytherin,Pure-blood,78.88406886291847,0,385.97158265568703,4250.295310183043,1,0
6,Hufflepuff,Pure-blood,92.77530081055262,2,543.0700031184479,4809.11606824192,0,0
2,Slytherin,Pure-blood,66.58310885866496,0,730.2723080011323,3603.8539100626786,1,1
7,Ravenclaw,Half-blood,76.06340540720282,0,401.4567235402385,3232.4883532325644,0,1
6,Slytherin,Muggle-born,70.83177679397195,1,443.36680153865603,4763.697715848047,0,0
7,Gryffindor,Pure-blood,59.3346338292694,0,541.5084458882475,5127.3740104455555,1,0
2,Slytherin,Muggle-born,77.17319314157301,0,305.3735540026654,3085.7186892033583,0,0
7,Ravenclaw,Muggle-born,76.78252491616716,1,386.32157059911856,3424.055188576272,0,0
3,Ravenclaw,Pure-blood,93.13449743242131,0,503.72862556269035,3836.7735717690935,0,0
2,Hufflepuff,Pure-blood,84.30811684554777,0,454.9317696773373,5619.824604982648,1,1
2,Slytherin,Muggle-born,67.75813175670795,1,591.2611630698839,4563.13545516826,1,0
2,Ravenclaw,Pure-blood,96.54092566334188,1,914.8969421658901,2675.913170134113,0,0
1,Gryffindor,Pure-blood,90.21033695525352,1,514.8707509127187,3907.017208410499,0,1
1,Hufflepuff,Pure-blood,83.82097703468615,0,373.7432080942986,3754.1212442495657,0,1
1,Gryffindor,Half-blood,75.73515901150168,0,712.7360532136347,2826.73044399607,0,0
3,Slytherin,Muggle-born,68.4056076327652,2,261.6772287019668,3895.208083105272,0,0
6,Slytherin,Muggle-born,74.27793223928947,0,291.6637743456339,3709.9625603936274,1,0
7,Slytherin,Half-blood,88.88748619704185,3,410.7344842028415,3638.3674763828412,0,0
5,Hufflepuff,Muggle-born,96.84586305934609,0,457.56699192205616,3592.618632618189,0,0
2,Ravenclaw,Pure-blood,93.43243528272188,1,407.1390895224187,5471.393548348804,0,0
7,Hufflepuff,Muggle-born,73.11150578213726,0,495.27315133654656,3636.296883899485,0,1
2,Gryffindor,Pure-blood,66.80382566710989,0,541.2112854119517,4049.6710563002644,1,0
3,Hufflepuff,Half-blood,79.40886246911204,0,660.3439302912707,3941.2352877232706,0,0
2,Gryffindor,Pure-blood,60.31560634437149,0,513.6782410765674,3494.983149632664,0,0
1,Hufflepuff,Muggle-born,81.23167714184781,0,415.7080628457348,4079.5047323676977,0,0
5,Ravenclaw,Muggle-born,76.52397413701331,1,652.1968079659118,4065.350596097763,0,1
4,Gryffindor,Muggle-born,73.33963498131757,1,377.3426786404804,4079.756526899216,0,0
2,Slytherin,Half-blood,62.05296932733204,2,255.10958814690153,3140.766857903579,0,0
7,Slytherin,Half-blood,83.13600106569717,0,680.8934026856813,3793.8754927473587,0,0
1,Hufflepuff,Muggle-born,72.6729916033809,0,671.2779867216457,4760.321875349858,0,0
4,Slytherin,Pure-blood,66.30083164289712,0,381.1552411693841,3820.1833686199598,0,0
5,Gryffindor,Half-blood,49.2773778671835,2,440.1351719268612,4161.781912601258,0,1
4,Slytherin,Muggle-born,77.72485094949364,0,362.4608682005106,4167.0370007263555,1,0
1,Ravenclaw,Muggle-born,95.72251596669744,0,548.99363263477,4417.395130733917,0,0
6,Ravenclaw,Half-blood,94.6125921454787,1,759.8073937052122,4558.650915013811,0,0
6,Hufflepuff,Half-blood,73.42903743413729,0,605.4322697892683,3825.8493902507794,0,1
4,Gryffindor,Half-blood,71.97787939638219,1,655.3586963874549,3088.664696907904,0,1
3,Ravenclaw,Pure-blood,82.68774256075024,0,622.9592497536518,2781.2846713251242,1,0
7,Ravenclaw,Pure-blood,68.01614560811709,1,499.98212771613595,5017.686412736359,0,0
7,Gryffindor,Muggle-born,81.01791899819466,0,662.5010656866973,4770.250447971066,1,0
4,Slytherin,Half-blood,85.6608027838469,2,611.7545844369199,4649.364684337526,0,0
2,Slytherin,Pure-blood,90.26933223884308,0,715.9168572729704,4811.203527862674,0,0
2,Hufflepuff,Half-blood,76.99845923520047,0,431.06765882573654,3838.4440163741115,1,1
7,Slytherin,Muggle-born,75.96326249823034,0,239.28325406819204,3375.1235822344497,0,1
7,Gryffindor,Pure-blood,69.2201741324344,0,656.7876522309616,3019.592590201962,0,0
6,Ravenclaw,Pure-blood,69.73119645960139,0,552.4654280909087,2910.6500034145006,0,0
3,Slytherin,Pure-blood,75.73521108098473,0,455.5930849518146,5212.158688550331,1,1
1,Hufflepuff,Muggle-born,81.67365506816178,1,463.97707815387633,3506.855144245851,0,1
2,Slytherin,Half-blood,87.13584626233249,1,883.2029488853174,5054.859069210886,1,0
7,Gryffindor,Pure-blood,69.96821049319655,3,403.67080211985933,3813.114169619349,0,0
6,Hufflepuff,Muggle-born,92.92688568959522,1,372.00450397605005,3323.758791757576,1,0
5,Slytherin,Half-blood,75.2887639895743,0,512.7926350240027,2905.6352024498565,0,0
6,Hufflepuff,Muggle-born,77.78632705651565,1,677.0736316959442,3411.8456430122496,1,0
2,Gryffindor,Half-blood,70.52788320852177,1,841.7602979793842,5418.23878290629,0,0
2,Ravenclaw,Muggle-born,53.75759739727059,0,598.6047445084357,2915.7899202201875,1,0
6,Gryffindor,Half-blood,86.8404539636105,0,309.4386884030855,6116.74682147965,0,0
1,Gryffindor,Pure-blood,85.36843897092433,1,795.6296406076699,3159.392572530356,0,0
4,Gryffindor,Half-blood,75.18672442881787,0,497.07969513843545,4749.949970651245,0,0
2,Gryffindor,Muggle-born,78.66990717224871,0,374.34358521575456,3854.7487057450116,0,1
6,Ravenclaw,Muggle-born,83.159392177041,0,338.0911314350969,3679.4404174738147,0,1
7,Ravenclaw,Half-blood,62.374541431134574,1,625.4493079003184,2728.579222874864,1,0
6,Hufflepuff,Pure-blood,72.70947322653706,1,535.824407927962,3901.607017248762,1,0
3,Slytherin,Pure-blood,85.94264679621827,1,551.7613065418776,2841.7140036339956,0,1
4,Ravenclaw,Half-blood,65.45710576830751,1,692.9754678607896,2318.4229002325596,1,0
5,Ravenclaw,Half-blood,80.9355793216663,0,379.67681127355337,4119.59867821745,0,0
1,Slytherin,Muggle-born,64.43418195376594,2,704.9231942410472,3364.5768931642447,0,0
5,Ravenclaw,Pure-blood,82.66429982433526,1,422.12640158094644,5684.348516124981,1,0
4,Gryffindor,Half-blood,77.64358517702516,0,824.6011060868534,5000.021715092822,1,0
4,Gryffindor,Pure-blood,61.848681840944906,0,589.8108523989711,5697.43218133677,1,1
4,Slytherin,Half-blood,89.64739354457171,0,361.9642205335434,3319.1170954921013,0,0
5,Hufflepuff,Half-blood,70.65408423201951,0,196.18728750192804,4136.1377401312875,1,0
7,Hufflepuff,Pure-blood,69.89747562985619,0,621.3387083418517,1379.3290403189471,0,1
4,Slytherin,Half-blood,80.00569197230944,0,443.8729586014724,3718.197619313276,0,0
6,Slytherin,Half-blood,89.48637349428715,1,476.66514582172465,4098.498348024681,0,0
5,Gryffindor,Muggle-born,67.84178181021603,1,614.9294013761161,4154.048077701772,1,0
4,Hufflepuff,Half-blood,78.61679849847971,1,651.5620739375984,3957.631589458327,1,0
6,Ravenclaw,Half-blood,82.28816500330574,0,683.5565511003936,4066.592571751668,1,0
7,Gryffindor,Half-blood,84.93105607263143,0,323.7738037425595,1286.7573658365882,0,0
3,Slytherin,Muggle-born,79.76441555277225,0,713.8842124436883,4256.221836081978,0,0
7,Hufflepuff,Pure-blood,74.32972160916678,0,413.14319957477755,4483.439891930038,0,0
4,Ravenclaw,Muggle-born,69.7240977935128,1,161.56250978776598,5338.025402628851,0,0
5,Ravenclaw,Muggle-born,78.86143883046375,1,323.23394797099314,4368.7380592769305,0,0
2,Gryffindor,Pure-blood,67.27860988014393,0,532.7037638198848,3869.262933286762,1,0
4,Hufflepuff,Muggle-born,48.78649516505393,0,353.1778630878291,5104.941922230972,0,0
2,Hufflepuff,Pure-blood,82.36559804157667,0,486.7933296235934,1642.665775400521,0,0
6,Slytherin,Muggle-born,87.03934841086195,0,550.7378731293768,3485.0514693728564,0,1
3,Hufflepuff,Pure-blood,54.37067564458162,0,472.79218953360714,3234.1900199412885,0,0
1,Hufflepuff,Half-blood,67.90269295290062,0,425.84684932149247,3965.478200168689,0,0
7,Gryffindor,Muggle-born,84.19154261005198,0,312.3955905517661,1801.3071877708353,1,0
3,Hufflepuff,Muggle-born,98.574954697117,0,503.2915712322998,5319.635662243719,1,0
4,Ravenclaw,Muggle-born,78.20793707675408,2,190.25639186228972,3750.190100315754,1,0
2,Gryffindor,Muggle-born,70.71997058770866,2,397.1002937420868,4318.796691158934,0,1
7,Gryffindor,Half-blood,76.1710355889516,0,360.83238364088584,4223.091225059894,0,1
2,Slytherin,Muggle-born,91.74876419148185,0,464.09347227366277,5262.4898948769505,0,0
5,Hufflepuff,Half-blood,71.54035820875464,2,468.0005301036096,2138.0498651259527,1,0
2,Slytherin,Half-blood,70.00807993349747,0,643.9935011650618,4112.3211654698125,1,0
5,Ravenclaw,Half-blood,73.17256477817968,0,737.52159158744,5146.178260704861,0,0
6,Gryffindor,Half-blood,68.46671391741287,0,332.3331739644545,3902.013553279309,0,0
7,Gryffindor,Pure-blood,79.22670315994796,0,798.9248937905045,3048.730606861698,0,0
7,Gryffindor,Pure-blood,94.2467845846956,1,383.1056600717852,3396.109884344214,1,1
1,Ravenclaw,Muggle-born,81.23079273116029,2,525.8790174384635,3607.0579981935953,1,0
4,Ravenclaw,Pure-blood,75.47646497873713,0,576.6294483722477,3278.949970477011,0,0
5,Slytherin,Pure-blood,75.08188731084456,1,866.6874128873759,3847.188882932641,0,0
1,Slytherin,Muggle-born,62.36809191303343,1,418.65764933560035,5508.2474031850015,0,0
2,Slytherin,Muggle-born,86.83109777147159,1,230.48929805329203,3402.6352344625175,0,0
2,Hufflepuff,Muggle-born,77.22162802987198,0,723.5569205289472,3512.326025721001,0,1
1,Gryffindor,Pure-blood,76.19520086409375,0,374.99396618068477,4459.780584050313,0,0
7,Gryffindor,Pure-blood,100.0,0,445.7617129136611,3825.179636036124,1,0
2,Slytherin,Muggle-born,80.98752908365687,1,332.3375519110737,2670.8148666551174,1,0
6,Gryffindor,Half-blood,70.48208949904816,0,446.1944340426622,3938.8115622209784,0,0
6,Slytherin,Muggle-born,73.73642403794457,0,373.9412695691839,3901.1085676030743,1,1
1,Hufflepuff,Half-blood,89.48445709196756,0,601.4662724742157,4975.678345438153,0,0
5,Hufflepuff,Half-blood,79.13270410537764,0,512.1187444582969,3027.847601797339,0,0
5,Ravenclaw,Muggle-born,63.61722021682633,0,397.84172590779815,4982.3194827554435,0,1
1,Hufflepuff,Muggle-born,87.19228934575203,1,649.3807964988391,3902.1691879000564,0,0
5,Slytherin,Muggle-born,71.31855914461006,0,538.2495126011898,2892.058329085004,0,0
7,Hufflepuff,Pure-blood,96.73297776217545,0,223.09276243339167,2691.221687923071,0,0
7,Ravenclaw,Half-blood,88.80048065714648,0,637.9554971126453,5934.38852790853,0,1
5,Gryffindor,Pure-blood,73.52678104341248,0,527.7301825778952,3840.0839771645597,1,0
6,Slytherin,Pure-blood,90.81016361735112,1,708.6098731387314,4936.504116730488,0,0
5,Gryffindor,Muggle-born,78.67855510527403,0,518.5876139513967,2291.8806053918706,0,0
7,Ravenclaw,Pure-blood,86.52773675122219,0,381.24359741486074,6637.694887963901,0,0
3,Ravenclaw,Muggle-born,82.84732817294474,0,469.35570000472444,4893.244628367129,1,0
4,Ravenclaw,Half-blood,69.53643345009127,0,620.587899632108,3744.559785844791,0,0
2,Gryffindor,Muggle-born,71.56450167682539,1,384.38944104487064,3693.83414214449,1,0
3,Gryffindor,Pure-blood,88.29960817581161,0,433.9554819338662,4734.598128302996,0,0
5,Gryffindor,Pure-blood,74.65224667893459,0,466.74671300013995,4677.181686725047,0,0
6,Gryffindor,Muggle-born,73.96351536758003,0,327.59425846761906,4182.529280397439,0,0
1,Ravenclaw,Muggle-born,68.44877420650647,0,386.5514863057138,4010.8787582022305,0,1
5,Ravenclaw,Pure-blood,82.23599065593461,1,525.8825287706286,4561.067084025916,0,0
6,Slytherin,Half-blood,98.62524919243145,0,680.3716621479513,2258.2964469198228,0,0
4,Slytherin,Half-blood,67.32467085745728,0,547.5720477065713,3628.725287385747,0,0
5,Gryffindor,Muggle-born,78.24219456672758,0,493.1208110946468,2353.136141707154,0,0
7,Hufflepuff,Half-blood,92.12220555415429,1,375.30938390715335,4604.592344702505,0,1
1,Hufflepuff,Pure-blood,77.20358608754285,0,664.2740617580348,3324.1860289666806,1,1
6,Ravenclaw,Muggle-born,82.52371796249734,0,565.0258249920264,2428.4219213208225,0,1
6,Ravenclaw,Pure-blood,67.37606471853121,0,393.99053547211406,3206.2134759810306,1,0
6,Ravenclaw,Pure-blood,82.28307097207649,0,634.7972688027351,4149.3562014657855,1,0
4,Slytherin,Half-blood,76.12855734995452,0,583.93655922657,3794.77161744419,0,0
5,Slytherin,Muggle-born,87.85729995679863,0,377.9704475950646,2826.843440967227,0,0
4,Ravenclaw,Muggle-born,89.87386051564751,1,484.79326156036996,2295.1313982693837,0,0
2,Ravenclaw,Half-blood,100.0,0,426.08409076355946,4073.932787030502,1,1
2,Ravenclaw,Pure-blood,83.79633173213576,1,895.0306910047407,3419.231893249539,1,0
5,Hufflepuff,Pure-blood,81.25796316582166,0,579.7617324688488,3741.9192901359493,1,0
7,Slytherin,Pure-blood,79.94384301577335,0,528.014308227236,3840.3148125117004,1,0
4,Hufflepuff,Pure-blood,74.46833707189312,0,570.899458411507,4430.065687175318,1,1
1,Hufflepuff,Muggle-born,81.38483843461691,1,706.8743882296246,4846.946501769913,0,0
6,Ravenclaw,Muggle-born,75.0459858986097,0,487.49297833423014,4146.509200958443,0,0
6,Ravenclaw,Half-blood,79.68460976269614,0,411.51360532013655,3679.537450240356,1,1
5,Gryffindor,Half-blood,91.17597535607959,1,626.6424842146126,4024.7635380958027,0,0
7,Gryffindor,Muggle-born,67.9345743472036,0,473.7583150998032,3660.7630327403785,0,0
2,Hufflepuff,Muggle-born,89.39878561129045,0,339.5157006379245,2357.4466463668787,1,0
2,Slytherin,Pure-blood,91.17115067339866,1,310.2970352365912,5091.946171289575,0,0
6,Ravenclaw,Pure-blood,76.81931473008922,2,729.39448262593,4903.438862487804,1,1
5,Ravenclaw,Half-blood,56.78145100991405,0,519.7466850378927,5988.333993580596,1,0
4,Hufflepuff,Muggle-born,71.92178012905568,0,411.56489240113984,6280.499306477608,0,0
2,Gryffindor,Half-blood,90.96994546561109,1,464.8497633436905,2823.97986774724,1,0
4,Slytherin,Muggle-born,77.77131937701118,0,621.1167077012527,3664.6000796211715,0,0
7,Gryffindor,Pure-blood,68.0069776770509,2,455.98917262369326,6511.539596870143,0,0
2,Gryffindor,Half-blood,72.95225078771783,0,282.5870406233872,3959.449384417765,0,0
2,Gryffindor,Half-blood,86.40620026504553,0,548.8761278221887,4244.210902546752,0,0
3,Gryffindor,Muggle-born,83.4673356820138,2,681.2521726360344,2478.870048305421,0,0
2,Ravenclaw,Pure-blood,75.61067900830305,0,671.2196476958376,4150.288631576774,0,1
1,Ravenclaw,Half-blood,74.33175588185313,1,416.10050927941325,5931.9403747590895,0,0
5,Gryffindor,Pure-blood,74.08241850956178,0,690.3758984687569,5286.625810103528,0,0
5,Slytherin,Half-blood,68.77589815501497,1,531.9424960507434,3390.0153784814565,1,0
4,Hufflepuff,Pure-blood,94.15375689469442,1,686.172101581809,3603.683633431584,1,1
7,Slytherin,Muggle-born,74.7767953078866,0,586.053054500383,2869.0997075057367,0,0
2,Slytherin,Half-blood,90.17158520825497,1,271.76047360509955,3148.836859750294,0,0
1,Slytherin,Half-blood,93.21316051922452,1,762.0108406262519,2089.78807121353,0,0
4,Gryffindor,Pure-blood,87.9831089814796,0,507.76757767984304,3915.1803253402572,0,0
3,Ravenclaw,Pure-blood,73.68379687281951,0,586.5190735870725,5510.110679930411,1,0
4,Slytherin,Half-blood,82.03730090336609,0,298.39330572922336,4355.431924093749,1,1
4,Gryffindor,Muggle-born,77.75804393609084,0,575.7989750117098,5366.238989965732,0,1
2,Slytherin,Pure-blood,68.96298139269872,0,665.439159911399,5073.249400925998,0,0
3,Slytherin,Pure-blood,81.24359281721603,0,790.2980504897606,3453.191910427372,0,0
4,Gryffindor,Pure-blood,66.20960208840198,0,710.0599692192924,3240.4933385935515,1,0
1,Ravenclaw,Half-blood,89.87679388461564,1,583.1337055919059,3278.8154431485445,0,0
1,Ravenclaw,Half-blood,73.35382702701607,1,268.34339699774205,2282.9380515579514,1,1
5,Hufflepuff,Half-blood,80.0115965587284,0,519.8409185746132,4032.330232795575,1,0
3,Gryffindor,Half-blood,80.83287871546142,1,411.12356521806043,1095.535603422913,0,0
3,Hufflepuff,Muggle-born,75.41095026295923,0,535.246681222437,4591.415509286386,0,0
5,Hufflepuff,Muggle-born,83.86693801475275,2,317.5511250807351,4071.8809357188748,1,0
4,Hufflepuff,Half-blood,73.25096343377476,0,468.4749638312148,4471.43986649484,0,0
3,Ravenclaw,Muggle-born,86.71297297457244,1,422.42253742908974,5057.016282948135,0,0
1,Gryffindor,Pure-blood,64.54020319753252,1,417.77504660461307,4198.794588338854,0,0
1,Hufflepuff,Pure-blood,79.26379579546412,1,419.26457210132685,5631.571737654756,1,1
2,Gryffindor,Pure-blood,97.38928999058285,0,479.62179254176334,4621.94581095221,1,0
3,Gryffindor,Half-blood,67.99668675394426,1,542.9292138572033,3242.87315318395,1,0
4,Ravenclaw,Pure-blood,71.22255029475149,1,125.22596181928236,3762.2889578541212,1,0
5,Hufflepuff,Muggle-born,83.13907849658915,0,143.53507154932043,1738.7089732498634,1,0
5,Hufflepuff,Half-blood,79.79581781939598,2,449.19629901171874,3097.809559527834,1,1
4,Gryffindor,Muggle-born,81.50630099273559,1,470.33464329415784,3619.0035940666094,0,0
7,Slytherin,Pure-blood,82.89187130147664,1,528.3666824905911,4546.273609557666,0,0
6,Ravenclaw,Pure-blood,84.3472146856177,0,390.8491467715664,3249.638971458189,1,0
2,Ravenclaw,Pure-blood,89.09699841956223,1,501.4197791034022,2753.7359860655697,1,1
5,Ravenclaw,Half-blood,82.09818656928513,0,518.9784807527083,2112.468096991874,1,0
3,Ravenclaw,Muggle-born,75.58742345381458,1,389.8162854701793,3403.582481406682,0,0
2,Hufflepuff,Half-blood,84.72573701202731,0,652.0183732611652,5950.85180236793,1,0
3,Hufflepuff,Half-blood,96.99881934895215,0,526.5479467182591,4271.1070348970325,1,0
7,Slytherin,Pure-blood,76.67366253617426,0,582.0441643194936,4939.579412355179,0,0
1,Ravenclaw,Half-blood,68.25470695329358,0,510.3268596925779,3099.9457673357506,0,1
2,Ravenclaw,Half-blood,89.07080669286972,0,815.550965459258,2426.5502398977815,0,0
5,Gryffindor,Pure-blood,76.79618836046401,1,589.459560367648,2778.9225359119328,0,1
2,Hufflepuff,Half-blood,56.27330453985964,0,426.8010025689162,3902.868890842363,0,0
2,Ravenclaw,Pure-blood,86.47421677150422,0,623.1450326552601,2005.8711565207434,0,0
2,Slytherin,Pure-blood,72.64671814046078,1,254.35926238149924,2993.409583590229,0,0
6,Slytherin,Pure-blood,77.0946671769584,1,517.9400394000656,3413.6393140287064,1,1
2,Hufflepuff,Pure-blood,81.31980330569014,1,547.8740435137986,2679.074693936699,1,0
3,Slytherin,Half-blood,79.90499679779066,1,519.6531143118048,1876.3169826751705,1,1
1,Slytherin,Pure-blood,85.09451817139039,1,449.93316937416694,4289.653698209758,0,1
7,Hufflepuff,Pure-blood,73.64513629430157,0,348.1589964744477,4045.871444884565,0,1
4,Ravenclaw,Half-blood,83.13105798176083,0,381.5979481923556,4779.029867630129,1,0
2,Ravenclaw,Half-blood,75.40453322416083,0,515.3112374371076,2889.5742507475575,0,0
5,Slytherin,Muggle-born,85.38810480887503,1,332.9721151358011,4759.922743047471,1,0
2,Slytherin,Half-blood,84.15367484013053,0,765.5251423470909,5529.3041944868855,1,0
5,Ravenclaw,Half-blood,68.64561297955404,0,103.86534809844409,4262.214732236855,0,0
3,Hufflepuff,Muggle-born,88.85982116175032,1,451.4843198683094,3390.06370555334,1,0
5,Slytherin,Half-blood,72.64036554885952,1,516.5584458661546,4145.080649509244,0,0
4,Gryffindor,Half-blood,86.08057798281145,0,576.1131391749933,3342.212610704423,0,0
1,Hufflepuff,Half-blood,81.6728731340134,0,362.61129091063594,3175.7164423212485,1,0
5,Slytherin,Half-blood,96.38183676795123,1,670.1442190832319,4683.260389503326,0,0
5,Slytherin,Muggle-born,75.76534017628148,0,290.9253434280616,3860.9496802128015,1,0
1,Gryffindor,Half-blood,74.50683203881802,0,415.0807117088648,5205.095653450029,0,0
4,Gryffindor,Half-blood,77.80580394112268,0,593.1121332919136,3557.57701075643,0,0
2,Ravenclaw,Muggle-born,74.96820217165724,0,656.0282847189128,3658.825419329989,0,0
5,Hufflepuff,Pure-blood,85.9994190194205,1,289.39980554283534,3433.489004768528,1,0
1,Hufflepuff,Muggle-born,61.83689391563412,0,896.7555185622738,2879.816561312795,0,0
3,Ravenclaw,Pure-blood,67.46317580853646,0,365.37626552491855,4814.424898616591,0,0
1,Hufflepuff,Muggle-born,67.32197078420808,1,303.1726283708326,6185.711664614155,1,0
3,Hufflepuff,Muggle-born,87.50307591973575,2,575.4072337659885,3617.7727614338482,0,0
4,Hufflepuff,Half-blood,95.10613372581925,4,447.75598196278145,3319.504056324994,1,0
2,Hufflepuff,Pure-blood,76.95550781462528,0,425.59215311903836,3254.6765162929096,0,0
1,Hufflepuff,Half-blood,76.31178276809989,0,589.3466086354579,3320.26677239962,1,0
7,Gryffindor,Pure-blood,78.70052163113182,0,270.90564643582866,5649.783686240802,1,0
7,Hufflepuff,Muggle-born,89.6187830260819,1,244.67984000379465,3281.5194802401084,0,0
6,Gryffindor,Muggle-born,68.72646865809426,1,410.3864952285158,3414.73319911046,0,0
5,Hufflepuff,Pure-blood,80.38368982734785,2,661.6852609179988,2759.645747849028,1,0
4,Ravenclaw,Half-blood,87.7519762978243,0,416.89170598808244,4293.64877386307,0,0
1,Slytherin,Half-blood,83.01094169939846,0,739.8735026792922,3932.7704378490134,1,0
7,Gryffindor,Half-blood,79.89581616598744,0,680.1522141757836,2862.8212241974397,0,0
5,Hufflepuff,Half-blood,88.01046092567141,0,542.4419276761228,3107.1704026819207,0,0
7,Ravenclaw,Muggle-born,50.967677070007625,0,550.9585789062136,5532.9333705355575,0,1
1,Slytherin,Muggle-born,84.77875319530908,1,542.3003937525284,4032.7077562687678,1,0
3,Gryffindor,Muggle-born,71.45924316872576,0,523.957659302315,4101.685395447298,0,0
1,Slytherin,Muggle-born,59.69367103143543,1,445.0637453782731,4105.653825026061,1,0
6,Ravenclaw,Muggle-born,83.11202599524981,0,462.4718250189256,5394.625388211176,1,0
1,Gryffindor,Half-blood,91.73658545162958,1,339.5059765111127,2954.7856376792897,0,1
1,Slytherin,Half-blood,76.62551485372308,1,168.49358160647301,3603.6044798235453,0,0
6,Hufflepuff,Half-blood,87.52874547202939,1,665.6105913923075,3831.034793337489,1,0
4,Gryffindor,Half-blood,94.12278257988646,0,523.5887655177947,2278.8241747102757,0,1
1,Slytherin,Muggle-born,91.14914453584048,1,500.93170334326794,3083.8584834186568,1,0
6,Ravenclaw,Muggle-born,94.39964529371393,0,559.767368428682,5046.674827280937,0,0
5,Ravenclaw,Muggle-born,85.42127491071892,0,375.74038178095265,4760.213496330118,0,1
3,Gryffindor,Pure-blood,78.75433638901593,2,349.84066799233506,4937.066875102031,1,0
3,Slytherin,Half-blood,61.980341881028316,1,457.4472959482771,3410.909777468599,0,0
1,Gryffindor,Half-blood,75.53937511870052,0,705.2147722645719,3534.3047598811636,0,0
4,Gryffindor,Muggle-born,69.56753404683808,0,324.68884572603105,2211.934504961967,0,0
4,Slytherin,Half-blood,99.70942717497815,2,105.94019647877508,4931.9345423163095,0,0
5,Slytherin,Half-blood,76.24114187567663,0,421.7898362271871,5096.652268766096,0,1
1,Hufflepuff,Muggle-born,79.23204806784486,0,671.4049874352775,5083.920966535608,1,0
3,Slytherin,Pure-blood,83.51485376040468,3,240.11839634684696,5604.09125347724,0,0
4,Ravenclaw,Pure-blood,78.43602446372454,1,322.95745942656924,4422.108593489906,0,1
1,Gryffindor,Pure-blood,94.95051040430752,0,539.5320110867253,5556.881836546692,1,0
7,Gryffindor,Muggle-born,71.77350638265548,0,885.4860553213002,3799.525390842122,0,0
4,Ravenclaw,Half-blood,79.94607455237242,1,296.2682497210707,2232.9896349944497,0,0
6,Slytherin,Muggle-born,70.57529414301952,0,290.45988627980614,4860.724677240118,1,1
7,Ravenclaw,Muggle-born,64.79977488779295,1,550.8047553258777,2196.1108739913043,1,1
4,Ravenclaw,Half-blood,71.88230909094715,0,680.7011659990557,4170.202049493365,0,0
3,Hufflepuff,Pure-blood,77.62963202951588,1,406.3851931511435,4955.323802124256,1,0
2,Ravenclaw,Pure-blood,73.7069777548274,1,256.79087658167464,4324.258796035197,0,0
7,Gryffindor,Muggle-born,71.07579020126144,0,565.0623831329519,6278.243070582275,1,1
5,Ravenclaw,Pure-blood,63.93682536328166,1,592.226209595446,2034.0710058530221,0,0
5,Gryffindor,Muggle-born,77.16894427371305,0,766.7982689807372,3917.1393274640845,0,0
3,Gryffindor,Muggle-born,62.952796259689975,1,598.5420668486419,4017.455465252656,0,1
4,Gryffindor,Half-blood,85.60055963689602,1,624.2099114558569,2655.8971838175867,0,0
1,Slytherin,Half-blood,78.82439752934503,0,460.67822841981416,2846.2672092757143,0,0
4,Hufflepuff,Half-blood,63.4244850053507,0,866.2256513254201,3154.8713891734,1,0
3,Gryffindor,Muggle-born,74.90790922950137,1,440.27869841172947,2900.352705950738,0,0
5,Gryffindor,Half-blood,70.47843594409417,1,408.2116817882345,3892.005349836132,0,0
4,Slytherin,Pure-blood,81.19174510419181,2,771.427237777791,3397.0350998478402,0,1
5,Gryffindor,Pure-blood,91.40450446023145,0,278.8644081656885,4317.9083840956755,0,0
7,Ravenclaw,Muggle-born,59.248275303542556,0,222.88874232081275,4649.430466203063,1,0
1,Ravenclaw,Muggle-born,79.15026079147417,0,517.9335386897727,4581.778959718889,0,0
7,Hufflepuff,Half-blood,76.3986720443336,0,499.7395215086457,3589.873754815244,0,0
5,Gryffindor,Muggle-born,84.71340076450466,0,465.81680276740065,4284.475629464472,0,0
5,Slytherin,Muggle-born,80.1319662823769,1,649.0894635682478,5035.128916176733,1,0
2,Ravenclaw,Pure-blood,70.48030668261181,0,363.76907265671446,4445.56458127749,0,1
2,Slytherin,Pure-blood,74.80946064333382,0,509.6250688437011,5858.97769444342,0,0
7,Slytherin,Half-blood,70.03974143196511,0,445.98410710427197,4982.178986766688,0,0
6,Ravenclaw,Muggle-born,88.76007138598598,0,366.31722498398733,5718.4070726484615,0,0
7,Slytherin,Muggle-born,78.21311648671943,0,490.7239874058975,1507.6568720699352,0,1
2,Ravenclaw,Pure-blood,97.01190685753008,0,627.8893704942654,4096.676121140233,1,0
5,Slytherin,Muggle-born,77.39339186185379,1,818.0852180645752,3676.067499047782,1,0
3,Ravenclaw,Pure-blood,70.91593233089537,1,586.9128474348454,3875.020269685785,1,0
7,Gryffindor,Half-blood,62.862856073871725,0,123.37474978978224,3195.040579895861,0,1
5,Hufflepuff,Pure-blood,59.96860323744055,2,494.2789871837527,4396.19940038418,0,0
3,Ravenclaw,Muggle-born,62.158640569945106,1,507.4704186354249,2191.6435675825874,0,0
3,Ravenclaw,Half-blood,80.67126651011483,2,640.4313514369925,4403.436862871291,1,0
2,Hufflepuff,Pure-blood,83.08725023229934,1,527.7215453734608,3228.2887798194597,0,0
7,Ravenclaw,Pure-blood,62.188092979678665,1,687.9633375953115,3499.6139098795657,1,0
4,Ravenclaw,Half-blood,86.95038314076115,1,558.7505923422907,4438.501769565738,0,0
1,Slytherin,Half-blood,73.1693894831656,0,733.8197104246833,4078.7777278663334,0,0
2,Hufflepuff,Pure-blood,79.4679301198555,0,434.188111992756,5053.920911406453,0,1
2,Gryffindor,Muggle-born,94.12220628255425,4,521.6515200945041,3030.4964941540106,0,1
4,Ravenclaw,Pure-blood,86.96839315865532,0,623.9962303084844,3919.2943477828726,1,0
1,Hufflepuff,Half-blood,75.31469352094167,0,414.17088945598346,4888.773117011151,1,1
5,Slytherin,Pure-blood,69.08807774584713,0,381.4980796878386,4361.199743751398,0,0
6,Gryffindor,Half-blood,56.48184598670695,0,405.59718504699725,4425.594253462797,0,0
7,Hufflepuff,Half-blood,70.8084668075758,0,387.61765743666166,5108.0428583832345,1,0
6,Gryffindor,Muggle-born,75.88869761172306,0,578.3842881312991,3593.757551130472,1,0
5,Gryffindor,Half-blood,68.12820472848816,0,224.77879555481667,3383.169122877729,0,0
2,Gryffindor,Half-blood,76.68743032907695,0,266.60449605231395,4575.9044369323365,0,0
1,Ravenclaw,Muggle-born,78.76851882958768,0,779.4119738535894,3850.5685139889106,0,0
2,Ravenclaw,Half-blood,75.75144018191921,3,391.2354918538734,5122.203567697716,0,0
3,Slytherin,Muggle-born,71.4999741917654,0,530.0022276757622,4369.773437115056,0,0
2,Slytherin,Muggle-born,79.68654671966728,1,276.62803731513077,3376.6493197097384,0,0
2,Hufflepuff,Half-blood,82.41940649569409,0,514.1186401683914,4338.384026811142,0,1
5,Slytherin,Half-blood,67.09600922557154,0,392.1489998477894,3097.300335777467,0,0
5,Gryffindor,Pure-blood,92.10932379746271,0,265.5365752759379,4946.928468357057,0,0
5,Gryffindor,Muggle-born,77.01411867715738,0,700.538065634707,2602.8476934518485,1,0
6,Ravenclaw,Pure-blood,78.18849622944848,0,677.3848590591307,5222.065274196185,1,0
3,Gryffindor,Half-blood,85.08214423256557,1,483.89678139289754,4320.876511184577,0,1
5,Hufflepuff,Pure-blood,80.33216131263502,0,649.9128549016866,3835.4390303773257,1,0
1,Gryffindor,Muggle-born,87.53136633913245,1,785.4939031590741,4763.334150933876,1,0
6,Gryffindor,Pure-blood,80.87124165201824,0,613.1113899737134,4511.326644162355,0,0
4,Hufflepuff,Muggle-born,71.87562625359563,1,571.9519609264945,5330.381685658061,0,0
1,Slytherin,Half-blood,81.61503525206102,0,529.8424544724965,5321.061738353467,1,1
7,Slytherin,Half-blood,66.56273792679337,0,597.4246047288859,4352.290444166287,1,0
7,Hufflepuff,Muggle-born,79.08559705776523,0,445.4120909765545,3128.229311958423,1,0
1,Ravenclaw,Half-blood,77.6677000935554,0,458.504619625783,3458.4909995537587,1,0
5,Gryffindor,Half-blood,75.9188314272746,1,567.6337062818773,3928.353114188352,1,0
4,Hufflepuff,Half-blood,76.71462488561069,0,428.92026947607064,5081.721694395093,0,0
4,Gryffindor,Half-blood,59.18150954502361,0,445.13004908097463,3543.6135386625247,0,0
6,Ravenclaw,Muggle-born,72.51275092259039,0,500.027999695246,3627.0594795698635,0,0
4,Gryffindor,Pure-blood,78.92844901141115,1,672.5911325889604,5848.3506292674265,0,0
7,Hufflepuff,Pure-blood,79.598563919974,0,330.1004369660529,3895.7014886222732,1,1
3,Gryffindor,Half-blood,67.72324859074041,0,613.8767754057891,3365.268109733395,0,0
5,Slytherin,Pure-blood,90.65707840864701,0,618.7694619205206,4776.646028394147,1,0
4,Ravenclaw,Pure-blood,69.33825151785499,0,617.8718013945213,3943.8657170404153,0,0
6,Ravenclaw,Half-blood,87.69457200526736,1,378.9880429685767,2610.400836566435,0,0
7,Ravenclaw,Half-blood,82.27194361871685,0,246.09775767335944,5040.914082807374,0,0
3,Hufflepuff,Pure-blood,71.53772690156197,0,583.9550708617134,3252.960679300725,0,0
2,Ravenclaw,Muggle-born,95.75310892609512,1,528.1308176620943,4043.585598389576,1,0
2,Slytherin,Half-blood,66.0636316824352,1,650.6564952144698,3931.8608862126434,1,0
3,Hufflepuff,Muggle-born,87.19154173610002,1,394.91947579856924,4230.101173469863,1,1
7,Slytherin,Pure-blood,88.00582318042979,0,614.0177564384542,1808.9259274353353,0,0
6,Gryffindor,Half-blood,71.29379790923355,3,658.1618168329117,3664.9005212007655,0,0
3,Gryffindor,Muggle-born,91.92465300064329,0,485.7035418425974,5124.837060115702,0,0
5,Gryffindor,Half-blood,75.49953485401048,0,562.5394254897225,5265.445519891654,0,1
5,Gryffindor,Pure-blood,80.88693629279857,1,557.2949686286142,3008.7096183596786,1,1
2,Slytherin,Muggle-born,80.6032183877122,0,376.7795706455525,4920.598242711816,1,0
4,Hufflepuff,Pure-blood,76.65691258529452,1,579.6644903426911,3238.570245574416,1,0
6,Hufflepuff,Pure-blood,86.10808273159782,1,743.3747511351521,3625.4677406127166,0,0
2,Ravenclaw,Half-blood,85.93488720552213,0,503.3305901813955,3678.0156335407487,1,0
4,Slytherin,Muggle-born,60.51468026761819,0,280.8612592022514,4108.803709705408,0,1
4,Gryffindor,Pure-blood,91.04340242878152,1,396.9160203628985,5001.3664562908625,1,0
5,Slytherin,Pure-blood,61.37508011964326,0,233.08558267225584,4264.584536029111,0,0
7,Ravenclaw,Muggle-born,88.32546204341658,1,693.5391693569097,3873.868239676155,0,0
1,Ravenclaw,Pure-blood,89.26705136827583,0,614.6157944492143,4967.3112330382155,0,0
