CustomerID,MembershipLevel,Region,AvgSpendPerVisit,VisitsPerYear,YearsEnrolled,ReferralUsed,VisitType,CustomerLifetimeValue
1,Silver,Northeast,212.62096116937363,4,2,1,Solo,1871.0644582904881
2,Platinum,South,147.3699895570805,1,7,1,Family,1134.7489195895198
3,Gold,Midwest,127.79201893227207,4,5,0,Group,2555.8403786454414
4,Gold,West,225.2462827776236,5,4,1,Family,4955.41822110772
5,Silver,Northeast,92.07944398335025,2,8,0,Family,1473.271103733604
6,Silver,South,62.04776173519673,2,9,0,Couple,1116.859711233541
7,Silver,Midwest,167.6005780021333,4,9,0,Solo,6033.620808076798
8,Platinum,West,129.91783102589557,3,3,0,Family,1169.26047923306
9,Gold,Midwest,109.15068731477147,7,3,0,Group,2292.164433610201
10,Gold,South,178.33425789197412,7,5,1,Family,6865.868928841004
11,Silver,West,159.75202855084797,3,5,0,Group,2396.2804282627194
12,Platinum,Midwest,127.43685477053086,7,10,0,Couple,8920.57983393716
13,Platinum,Northeast,98.78782405316423,1,2,0,Solo,197.57564810632846
14,Silver,West,184.89829313120578,2,1,0,Family,369.79658626241155
15,Silver,Midwest,176.00804711834644,3,8,0,Solo,4224.193130840315
16,Silver,South,146.03296544882468,3,3,0,Family,1314.296689039422
17,Silver,South,223.86547984190662,2,1,0,Group,447.73095968381324
18,Gold,West,107.19660934695389,0,1,0,Solo,0.0
19,Silver,Midwest,88.97899316301044,1,2,1,Family,195.753784958623
20,Silver,West,122.32367720475023,3,6,1,Couple,2422.008808654055
21,Gold,West,148.17655934578008,4,6,0,Group,3556.2374242987216
22,Silver,Midwest,159.73357797290768,3,3,0,Solo,1437.602201756169
23,Silver,Midwest,140.3505576857468,5,4,0,Family,2807.011153714936
24,Silver,Northeast,164.08221586057186,6,2,1,Solo,2165.8852493595487
25,Silver,Midwest,99.93842303238225,3,2,0,Family,599.6305381942934
26,Gold,South,207.75058416293038,2,7,0,Group,2908.5081782810253
27,Silver,West,146.71395286429726,3,1,1,Couple,484.156044452181
28,Gold,West,194.6918332635251,3,7,0,Group,4088.5284985340277
29,Gold,South,163.70901385510817,3,1,0,Solo,491.1270415653245
30,Silver,Midwest,168.27012876615134,6,6,0,Solo,6057.724635581449
31,Gold,South,172.79069120928816,7,3,1,Family,3991.464966934557
32,Silver,South,167.9083424006926,2,8,1,Group,2955.18682625219
33,Silver,Northeast,175.70891039470175,4,6,1,Family,4638.715234420126
34,Platinum,South,203.16610120529725,3,2,0,Group,1218.9966072317834
35,Platinum,West,157.8608467880588,6,8,0,Solo,7577.320645826823
36,Platinum,South,178.36015030354048,8,5,1,Family,7847.846613355781
37,Silver,West,146.41057222851094,5,8,1,Family,6442.065178054482
38,Silver,West,207.60468861797892,4,8,0,Group,6643.3500357753255
39,Gold,West,122.9443079176292,1,6,1,Couple,811.4324322563529
40,Silver,Midwest,222.03761731643263,2,2,0,Group,888.1504692657305
41,Silver,Northeast,148.39368197422627,5,8,0,Couple,5935.747278969051
42,Silver,West,92.76899591527808,5,6,0,Group,2783.0698774583425
43,Silver,West,155.12417659643157,3,6,0,Solo,2792.2351787357684
44,Platinum,Midwest,122.75793370100476,1,8,1,Family,1080.2698165688419
45,Silver,West,183.62574195954898,1,1,0,Group,183.62574195954898
46,Gold,South,123.89504082790437,4,2,0,Solo,991.1603266232349
47,Silver,South,132.15266267140882,8,9,1,Group,10466.490883575578
48,Gold,Northeast,74.41837076217877,3,8,1,Family,1964.6449881215196
49,Gold,West,131.90774723003693,6,7,0,Group,5540.1253836615515
50,Silver,Midwest,53.04482693484174,1,7,0,Couple,371.31378854389214
51,Platinum,South,86.64388706057107,4,5,0,Family,1732.8777412114214
52,Gold,Midwest,180.4165862457719,4,2,0,Couple,1443.3326899661752
53,Platinum,Midwest,181.4320063460333,6,6,1,Solo,7184.707451302918
54,Platinum,South,167.01830247139858,1,10,1,Solo,1837.2013271853846
55,Gold,Midwest,111.32095427483148,7,3,0,Group,2337.740039771461
56,Platinum,South,148.0915457543208,2,4,0,Couple,1184.7323660345664
57,Silver,Midwest,149.85589843637726,5,10,0,Couple,7492.794921818863
58,Silver,South,103.6654124322983,6,2,1,Family,1368.3834441063377
59,Silver,West,210.135932070686,7,2,0,Couple,2941.903048989604
60,Silver,Northeast,185.09449162302684,5,8,0,Couple,7403.779664921074
61,Silver,South,141.16143304681344,4,8,0,Family,4517.16585749803
62,Silver,South,151.07543355978123,5,10,0,Family,7553.771677989062
63,Platinum,Northeast,158.3353123179021,5,6,0,Couple,4750.059369537063
64,Silver,South,68.33060526302837,3,5,0,Group,1024.9590789454257
65,Silver,South,140.1129046991761,1,8,1,Family,1232.9935613527498
66,Gold,Midwest,122.72063008008806,4,4,1,Family,2159.88308940955
67,Silver,Northeast,109.93519960420338,8,4,1,Couple,3869.719026067959
68,Platinum,West,138.7559882845618,3,5,0,Couple,2081.339824268427
69,Silver,South,221.9074610739809,2,1,0,Family,443.8149221479618
70,Platinum,Northeast,175.6337144506804,4,1,0,Couple,702.5348578027216
71,Gold,Midwest,127.15284040868812,3,2,0,Family,762.9170424521287
72,Silver,West,172.90331125424635,3,8,1,Group,4564.647417112104
73,Silver,Northeast,205.97421746344008,2,7,0,Group,2883.6390444881613
74,Platinum,West,186.98534731651074,5,10,0,Family,9349.267365825537
75,Gold,West,152.38521479680696,5,9,1,Family,7543.068132441945
76,Gold,West,124.12252889177705,4,5,1,Solo,2730.6956356190954
77,Gold,South,177.92893254454358,3,2,0,Solo,1067.5735952672615
78,Silver,South,165.73941541686997,7,7,0,Couple,8121.2313554266275
79,Silver,Midwest,185.8077288011093,4,8,0,Couple,5945.847321635498
80,Silver,Midwest,175.40687206727878,3,7,0,Family,3683.5443134128545
81,Platinum,Northeast,191.9821086127734,0,7,0,Family,0.0
82,Gold,Midwest,128.59059153757727,2,5,0,Solo,1285.9059153757726
83,Silver,West,202.69576262537302,3,2,1,Solo,1337.792033327462
84,Silver,West,157.90398418769598,3,6,0,Family,2842.271715378528
85,Silver,South,233.0104349050106,5,4,0,Group,4660.208698100212
86,Silver,West,122.43248727641728,4,10,0,Group,4897.299491056691
87,Gold,Northeast,219.43855212660998,5,2,0,Couple,2194.3855212660997
88,Gold,West,157.9164313385059,7,9,1,Family,10943.608691758462
89,Platinum,West,123.94327985542206,3,7,0,Family,2602.8088769638634
90,Silver,Northeast,130.64456663782713,5,6,0,Couple,3919.3369991348136
91,Silver,Midwest,137.1861076722272,2,5,0,Solo,1371.861076722272
92,Gold,Midwest,166.96663785607666,6,3,1,Solo,3305.939429550318
93,Gold,Northeast,170.91341952142,5,10,0,Group,8545.670976071
94,Gold,South,127.05199984245684,6,10,1,Family,8385.431989602152
95,Gold,West,149.0258163095607,3,4,0,Solo,1788.3097957147284
96,Silver,Northeast,235.69081434447455,2,3,0,Group,1414.1448860668472
97,Gold,West,219.10172680402846,1,8,0,Group,1752.8138144322277
98,Silver,South,167.4529467869613,2,3,1,Group,1105.1894487939446
99,Silver,West,151.520139126728,3,7,1,Solo,3500.115213827417
100,Silver,Northeast,154.80125306873046,2,7,0,Solo,2167.2175429622266
101,Silver,West,174.54071890921665,7,7,0,Family,8552.495226551617
102,Gold,Midwest,109.08829739206378,2,7,0,Family,1527.236163488893
103,Silver,South,139.7049385030662,4,2,0,Group,1117.6395080245295
104,Gold,South,83.25663704489642,4,10,0,Group,3330.265481795857
105,Platinum,South,165.96892490421118,0,3,1,Solo,0.0
106,Silver,Northeast,175.88783758810965,4,10,1,Solo,7739.064853876825
107,Silver,South,130.67254150802503,6,9,0,Family,7056.317241433352
108,Gold,Midwest,212.9594705316013,4,3,0,Family,2555.513646379216
109,Silver,Northeast,100.96937347990635,7,2,1,Couple,1554.928351590558
110,Silver,Midwest,91.4250047916072,2,9,1,Family,1810.2150948738226
111,Silver,West,158.9780727423989,4,10,0,Solo,6359.122909695956
112,Silver,West,191.88393210448618,5,9,0,Group,8634.776944701878
113,Platinum,West,217.35710765831476,5,4,0,Couple,4347.142153166295
114,Platinum,West,131.6446294852424,1,9,0,Family,1184.8016653671816
115,Gold,Midwest,193.14723333725183,5,3,0,Family,2897.2085000587776
116,Platinum,Northeast,148.4596612199717,3,7,0,Solo,3117.6528856194054
117,Platinum,Northeast,143.09490800236722,4,7,0,Couple,4006.657424066282
118,Silver,South,185.3463974994669,2,8,0,Family,2965.54235999147
119,Platinum,Midwest,176.0929151365368,5,10,0,Group,8804.64575682684
120,Gold,West,86.94431372063002,8,4,0,Solo,2782.2180390601607
121,Platinum,Midwest,209.06161398903583,4,3,1,Couple,2759.6133046552736
122,Platinum,South,205.20365416589806,9,3,1,Family,6094.548528727172
123,Silver,South,124.97749193961883,3,5,0,Family,1874.6623790942822
124,Silver,Midwest,165.83214133749635,3,1,0,Couple,497.49642401248906
125,Silver,Midwest,169.76120745130956,0,10,1,Solo,0.0
126,Silver,Midwest,160.42695063295628,4,3,0,Couple,1925.1234075954753
127,Platinum,Northeast,127.9877938461832,4,6,0,Couple,3071.7070523083967
128,Platinum,West,123.13506528247794,1,3,0,Solo,369.4051958474338
129,Silver,Midwest,148.97783716034218,3,5,0,Family,2234.667557405133
130,Gold,Midwest,196.90916077037457,4,9,0,Group,7088.729787733484
131,Silver,Midwest,171.7440061837773,7,2,1,Solo,2644.85769523017
132,Silver,South,135.17542671655576,4,2,0,Group,1081.403413732446
133,Silver,South,180.86794842593378,3,6,0,Family,3255.6230716668083
134,Silver,Northeast,36.05829517479698,1,6,1,Couple,237.9847481536601
135,Platinum,West,195.95062801488413,5,8,0,Group,7838.0251205953655
136,Silver,Northeast,80.41144884887602,7,2,0,Family,1125.7602838842643
137,Gold,West,135.50236234387472,4,9,0,Family,4878.08504437949
138,Gold,South,105.21320421495425,4,2,0,Couple,841.705633719634
139,Silver,South,98.21274097116377,1,1,0,Couple,98.21274097116377
140,Platinum,South,196.43307149514078,8,10,0,Family,15714.645719611262
141,Platinum,Northeast,131.29195194752435,4,2,0,Family,1050.3356155801948
142,Silver,Midwest,163.86015526922864,1,7,0,Group,1147.0210868846004
143,Silver,Midwest,148.12317684483264,1,8,0,Family,1184.9854147586611
144,Silver,South,169.08163308892486,2,5,0,Family,1690.8163308892485
145,Silver,Midwest,153.07287564241022,4,6,0,Group,3673.7490154178454
146,Silver,Midwest,98.68031103245721,0,1,0,Solo,0.0
147,Gold,Northeast,189.8506727778856,7,6,0,Group,7973.728256671195
148,Gold,West,130.2497366735475,4,8,1,Group,4584.790730908872
149,Silver,South,87.73672405360996,7,3,0,Couple,1842.4712051258093
150,Silver,South,132.8753935613635,6,1,0,Group,797.252361368181
151,Platinum,Northeast,210.03039162537243,5,4,1,Family,4620.6686157581935
152,Silver,Northeast,184.00886968453972,7,1,0,Family,1288.0620877917781
153,Silver,Midwest,136.05391462368564,6,8,0,Family,6530.587901936911
154,Silver,South,136.02969182726284,8,5,1,Solo,5985.306440399565
155,Platinum,West,137.1345979513047,4,1,1,Family,603.3922309857408
156,Silver,Northeast,233.06991934243365,2,8,0,Solo,3729.1187094789384
157,Gold,West,165.27741808926214,8,9,0,Family,11899.974102426873
158,Gold,West,167.20166588764278,6,10,0,Group,10032.099953258567
159,Silver,South,191.2113381612737,2,2,1,Couple,841.3298879096043
160,Gold,South,159.55156636106054,5,9,0,Family,7179.820486247724
161,Silver,Northeast,139.63831416717187,4,8,0,Solo,4468.4260533495
162,Gold,South,142.14600603660088,3,7,1,Solo,3283.5727394454807
163,Gold,South,147.13594962343745,4,3,0,Couple,1765.6313954812495
164,Gold,South,148.51111053960634,3,2,1,Family,980.1733295614019
165,Silver,West,179.1051817454792,3,7,0,Group,3761.2088166550634
166,Platinum,Northeast,152.07783543229198,6,5,0,Family,4562.335062968759
167,Silver,Midwest,179.30560308862317,3,6,0,Family,3227.5008555952168
168,Silver,West,146.7713367956567,3,4,1,Couple,1937.3816457026687
169,Silver,South,153.14540761264362,3,2,0,Family,918.8724456758617
170,Gold,West,70.07197261871569,5,9,0,Group,3153.238767842206
171,Gold,South,186.65310698809927,3,3,0,Solo,1679.8779628928935
172,Silver,South,163.8595390359197,4,7,1,Couple,5046.873802306328
173,Gold,West,189.92040439438608,3,8,1,Group,5013.898676011793
174,Silver,Northeast,34.149784872252425,3,2,0,Solo,204.89870923351455
175,Gold,South,233.5349881912291,6,6,0,Couple,8407.259574884247
176,Silver,Northeast,144.41641487379306,4,8,1,Couple,5083.457803557516
177,Gold,Midwest,194.32731266950066,7,7,0,Solo,9522.038320805532
178,Silver,South,108.40376291497876,0,3,0,Solo,0.0
179,Platinum,Northeast,174.5109562025028,6,1,0,Group,1047.0657372150167
180,Silver,Northeast,107.86337747305376,3,6,1,Family,2135.6948739664645
181,Silver,Midwest,125.0492415721678,4,8,0,Family,4001.5757303093696
182,Silver,Northeast,226.56125415467145,3,6,0,Family,4078.102574784086
183,Platinum,Northeast,142.37270396946613,5,5,0,Family,3559.317599236653
184,Platinum,Midwest,158.69731492718893,3,8,0,Family,3808.7355582525342
185,Silver,South,184.80270922755017,2,2,0,Group,739.2108369102007
186,Gold,Northeast,169.82727551890417,1,1,0,Couple,169.82727551890417
187,Platinum,Northeast,156.01675620574306,4,1,0,Group,624.0670248229723
188,Gold,Northeast,164.598440098649,9,4,0,Group,5925.543843551364
189,Gold,West,246.136623409531,2,6,0,Group,2953.639480914372
190,Silver,Midwest,147.6952481186566,6,9,1,Couple,8773.097738248203
191,Silver,West,158.0439618685987,5,1,1,Group,869.2417902772929
192,Platinum,Midwest,192.0261758403045,3,1,1,Group,633.6863802730048
193,Platinum,South,194.22103731831936,3,5,0,Couple,2913.315559774791
194,Gold,South,197.4812122224152,2,10,0,Group,3949.624244448304
195,Silver,Northeast,175.54920888116737,4,5,0,Family,3510.9841776233475
196,Silver,Midwest,104.27980349078067,3,5,1,Solo,1720.6167575978814
197,Gold,South,215.33726129204382,1,10,1,Group,2368.709874212482
198,Platinum,Midwest,104.14618427925248,5,6,1,Solo,3436.824081215332
199,Platinum,South,162.10541860956133,4,8,0,Group,5187.373395505962
200,Gold,West,119.82896599922569,7,3,0,Group,2516.4082859837395
201,Gold,South,147.4344661362803,4,9,0,Family,5307.64078090609
202,Silver,West,163.1504964121392,7,1,0,Couple,1142.0534748849745
203,Silver,South,162.8542886180109,4,4,0,Solo,2605.6686178881746
204,Platinum,Northeast,166.8768301694114,3,9,1,Couple,4956.241856031519
205,Gold,West,214.54845076234588,0,8,0,Family,0.0
206,Silver,South,168.1413720605592,4,10,0,Family,6725.654882422368
207,Silver,Northeast,140.23373458837406,1,9,0,Solo,1262.1036112953666
208,Gold,West,188.56348673153428,3,1,1,Couple,622.2595062140631
209,Silver,Northeast,197.57881955698562,3,9,0,Family,5334.628128038612
210,Silver,Midwest,100.89568739452031,2,3,0,Group,605.3741243671218
211,Gold,Midwest,173.8960027939943,5,10,1,Group,9564.280153669688
212,Gold,West,178.04690969243592,5,9,0,Group,8012.110936159617
213,Gold,South,138.0974598656003,5,1,0,Couple,690.4872993280015
214,Silver,West,205.02827253246477,3,1,0,Group,615.0848175973942
215,Gold,Northeast,143.99777651869894,4,9,0,Group,5183.919954673162
216,Silver,South,155.0230581388617,0,6,1,Family,0.0
217,Silver,Midwest,143.0771270286452,3,4,1,Family,1888.6180767781168
218,Gold,South,150.6231619032587,3,7,0,Group,3163.0863999684325
219,Gold,Midwest,106.14899652419193,8,5,0,Group,4245.959860967677
220,Platinum,South,92.39796469622823,4,10,0,Family,3695.918587849129
221,Gold,South,213.78020252899887,4,7,0,Solo,5985.845670811968
222,Gold,South,116.12154606726689,4,8,0,Couple,3715.8894741525405
223,Silver,Northeast,110.34430602174771,2,8,0,Couple,1765.5088963479634
224,Silver,Northeast,63.86439545585141,5,1,0,Family,319.32197727925706
225,Silver,West,124.44153009241991,2,8,1,Couple,2190.170929626591
226,Silver,West,97.07640826370007,5,6,0,Family,2912.292247911002
227,Platinum,Midwest,215.68060640545477,3,4,0,Family,2588.167276865457
228,Silver,Northeast,190.39268357370537,4,8,0,Family,6092.565874358572
229,Platinum,Midwest,122.47398619289105,6,3,1,Family,2424.9849266192427
230,Gold,West,240.09743221377235,3,4,0,Solo,2881.1691865652683
231,Gold,Midwest,189.27061947966376,9,6,0,Group,10220.613451901843
232,Gold,West,137.0067446596551,4,7,0,Group,3836.188850470343
233,Gold,Northeast,50.023771405057076,4,4,1,Solo,880.4183767290046
234,Silver,South,241.63770290362967,1,4,0,Couple,966.5508116145187
235,Silver,Northeast,94.41710132945616,7,7,1,Couple,5089.081761657688
236,Gold,Midwest,84.18405012172433,4,6,1,Group,2222.458923213522
237,Silver,Midwest,190.90281728038562,4,8,1,Couple,6719.779168269574
238,Silver,Northeast,247.59009625357092,4,1,0,Group,990.3603850142837
239,Gold,Northeast,205.37091274042072,3,10,0,Group,6161.127382212621
240,Silver,West,172.55636480209438,1,7,0,Solo,1207.8945536146607
241,Platinum,Midwest,173.79017366661145,3,7,1,Couple,4014.5530116987243
242,Platinum,Midwest,184.1366223512123,9,7,0,Solo,11600.607208126376
243,Platinum,Northeast,180.35714359147062,2,7,0,Group,2525.000010280589
244,Silver,South,161.24765695877502,7,10,0,Group,11287.335987114253
245,Silver,Midwest,154.16804415807505,2,10,0,Group,3083.360883161501
246,Platinum,South,147.4962748840191,5,8,0,Family,5899.8509953607645
247,Silver,Northeast,119.84141644533295,0,9,0,Family,0.0
248,Platinum,Northeast,138.77299692532904,3,9,0,Family,3746.870916983884
249,Platinum,West,82.28172743218458,9,2,1,Solo,1629.1782031572548
250,Platinum,Midwest,146.06641492821,6,7,0,Group,6134.78942698482
251,Silver,South,110.4563557139633,8,7,0,Couple,6185.555919981945
252,Silver,West,105.85642731136916,5,4,0,Solo,2117.128546227383
253,Platinum,Midwest,157.19576604613914,5,9,0,Solo,7073.809472076262
254,Silver,West,205.68009145378397,5,8,1,Solo,9049.924023966496
255,Silver,Northeast,186.7326642400925,2,1,0,Couple,373.465328480185
256,Gold,Midwest,87.17997585507291,9,2,0,Group,1569.2395653913125
257,Platinum,West,110.4148745371865,5,2,0,Family,1104.148745371865
258,Gold,West,187.63084751952863,1,8,1,Group,1651.151458171852
259,Gold,South,110.70050425846762,4,1,0,Group,442.80201703387047
260,Silver,West,141.01467400011902,5,4,1,Solo,3102.3228280026187
261,Gold,Midwest,172.00208396098208,3,10,0,Solo,5160.0625188294625
262,Platinum,Midwest,111.26622180545459,5,5,0,Solo,2781.6555451363647
263,Silver,South,154.2150202458384,3,9,0,Family,4163.805546637636
264,Gold,Midwest,96.63898020327181,4,7,1,Family,2976.4805902607723
265,Platinum,Northeast,125.94529424195144,3,8,0,Family,3022.6870618068347
266,Gold,Midwest,162.7912773657015,1,9,1,Group,1611.633645920445
267,Gold,Midwest,86.28025065873322,5,7,0,Solo,3019.8087730556626
268,Gold,West,167.61898951841596,3,5,0,Couple,2514.284842776239
269,Silver,West,149.21448804293274,2,5,0,Group,1492.1448804293275
270,Silver,Midwest,172.0995981766859,2,10,1,Family,3786.19115988709
271,Platinum,South,158.95656536258645,4,6,0,Couple,3814.9575687020747
272,Platinum,West,204.56561719895376,2,5,1,Couple,2250.2217891884916
273,Platinum,South,155.0089801059163,4,9,1,Solo,6138.355612194286
274,Platinum,Midwest,132.82377835498988,3,3,1,Couple,1314.9554057143998
275,Gold,Midwest,154.89190012129134,2,3,0,Family,929.3514007277481
276,Gold,Northeast,171.73192116145552,3,7,0,Solo,3606.370344390566
277,Gold,West,151.95440281302817,10,7,1,Couple,11700.489016603171
278,Gold,Midwest,151.6236676481553,4,6,0,Solo,3638.968023555727
279,Gold,Northeast,121.92033248772978,5,3,0,Couple,1828.8049873159466
280,Gold,West,123.48396329796208,3,7,0,Group,2593.1632292572035
281,Platinum,Midwest,93.89578912801227,4,5,0,Group,1877.9157825602454
282,Silver,Midwest,219.98306972747758,4,7,0,Family,6159.525952369372
283,Silver,West,100.2454705843486,3,2,0,Group,601.4728235060916
284,Silver,West,122.28379208816371,6,6,0,Group,4402.216515173894
285,Gold,West,121.2637093772321,3,8,0,Group,2910.3290250535706
286,Silver,Midwest,185.79697507777766,5,1,0,Couple,928.9848753888883
287,Silver,Midwest,138.2020128683189,3,4,0,Couple,1658.4241544198267
288,Gold,Northeast,199.90968290694934,0,1,0,Solo,0.0
289,Silver,South,123.06037503024527,6,1,0,Couple,738.3622501814716
290,Gold,West,161.15976648895207,3,10,0,Group,4834.792994668562
291,Silver,Midwest,116.58611786960971,2,8,0,Couple,1865.3778859137553
292,Silver,Midwest,235.80596511093552,5,7,0,Family,8253.208778882745
293,Platinum,West,102.49606323881949,6,10,1,Solo,6764.740173762087
294,Silver,South,162.3928284090811,1,1,0,Solo,162.3928284090811
295,Silver,West,175.35107523728394,6,2,1,Couple,2314.634193132148
296,Gold,South,166.55196389805994,2,4,0,Group,1332.4157111844795
297,Gold,Midwest,142.58849364489166,2,1,0,Solo,285.1769872897833
298,Silver,South,144.80717201066295,2,3,0,Family,868.8430320639777
299,Gold,Northeast,151.75245887916438,3,8,0,Family,3642.0590130999453
300,Silver,Midwest,144.11991993486046,4,8,0,Solo,4611.837437915535
301,Silver,Northeast,188.55516467179638,3,8,0,Group,4525.3239521231135
302,Gold,West,238.42092006365405,3,6,0,Group,4291.576561145773
303,Gold,West,127.70032859968666,1,6,0,Couple,766.2019715981199
304,Gold,West,95.20788081683689,4,5,0,Couple,1904.1576163367379
305,Gold,South,146.46871806594982,7,9,1,Solo,10150.282161970323
306,Platinum,Midwest,253.18837350617275,6,4,0,Couple,6076.520964148146
307,Gold,West,117.85301728121077,6,10,0,Couple,7071.181036872646
308,Silver,West,215.5646722177627,5,7,0,Couple,7544.763527621694
309,Gold,Midwest,217.10803256305763,3,1,0,Family,651.324097689173
310,Silver,West,127.85647033168021,2,9,1,Couple,2531.5581125672684
311,Silver,Northeast,172.75932316741103,5,7,0,Solo,6046.576310859386
312,Silver,Midwest,215.1358649251415,6,10,0,Group,12908.15189550849
313,Silver,Midwest,134.8348903605005,0,9,1,Couple,0.0
314,Platinum,Midwest,141.85678559590554,6,7,0,Group,5957.984995028032
315,Platinum,Northeast,126.73276344205425,3,2,0,Couple,760.3965806523255
316,Gold,Midwest,109.40973077228533,4,6,1,Solo,2888.4168923883326
317,Silver,Northeast,124.02889819735972,4,10,0,Family,4961.155927894389
318,Silver,Midwest,101.04238932950975,3,4,0,Solo,1212.5086719541168
319,Silver,South,151.36333873036904,10,3,0,Family,4540.900161911071
320,Silver,West,119.20107075765432,1,2,0,Couple,238.40214151530864
321,Gold,South,159.3514364716299,5,6,0,Couple,4780.543094148898
322,Gold,West,87.76417415185492,2,8,1,Family,1544.6494650726468
323,Gold,Northeast,163.2352092885783,2,6,0,Solo,1958.8225114629395
324,Silver,South,183.341158464357,3,9,1,Solo,5445.232406391403
325,Platinum,Midwest,70.25057429714178,7,5,1,Family,2704.647110439959
326,Gold,West,164.96226279390288,1,2,0,Couple,329.92452558780576
327,Gold,West,199.10675969893168,2,8,0,Family,3185.708155182907
328,Gold,South,101.61435925235179,4,9,0,Couple,3658.116933084664
329,Silver,Northeast,216.90289547350812,6,10,1,Family,14315.591101251537
330,Silver,South,166.76076037464182,1,4,1,Couple,733.747345648424
331,Silver,Northeast,121.79952576966365,4,6,0,Family,2923.1886184719274
332,Gold,Northeast,147.76923689369175,6,10,0,Group,8866.154213621505
333,Silver,West,172.33307650086888,3,8,0,Couple,4135.993836020853
334,Silver,South,153.04021565649646,5,9,1,Solo,7575.490674996575
335,Silver,South,171.55023969785478,3,5,0,Family,2573.253595467822
336,Silver,Northeast,113.17305627682535,4,6,0,Solo,2716.153350643808
337,Platinum,South,156.77443296144313,6,4,1,Family,4138.8450301820985
338,Gold,Midwest,93.4514201238008,2,5,0,Solo,934.514201238008
339,Silver,Midwest,145.550957546052,3,7,0,Solo,3056.570108467092
340,Silver,South,113.84369434140841,3,9,0,Family,3073.779747218027
341,Silver,South,120.57880229640934,4,10,0,Family,4823.152091856374
342,Silver,Northeast,199.4437270084175,9,6,0,Solo,10769.961258454545
343,Silver,Midwest,193.65240482377075,6,6,1,Solo,7668.635231021322
344,Silver,Midwest,174.36552483628708,6,8,0,Solo,8369.54519214178
345,Silver,West,106.30748941309685,5,4,0,Couple,2126.149788261937
346,Gold,Northeast,137.34366201220791,1,3,0,Couple,412.03098603662374
347,Gold,West,198.52390799916733,0,7,0,Group,0.0
348,Silver,Midwest,155.66867654559618,9,5,0,Couple,7005.090444551828
349,Silver,Northeast,242.7731815992678,2,2,1,Couple,1068.2019990367783
350,Gold,South,165.73271357577488,5,2,1,Family,1823.0598493335237
351,Gold,Northeast,157.68196465960125,4,6,0,Group,3784.36715183043
352,Platinum,South,137.63534143189995,2,8,0,Group,2202.165462910399
353,Gold,South,155.3416361912913,4,1,0,Couple,621.3665447651651
354,Silver,Northeast,143.90120654477823,0,6,1,Family,0.0
355,Silver,South,178.3243470675436,3,2,0,Family,1069.9460824052617
356,Gold,West,188.26809267178336,3,2,1,Group,1242.5694116337702
357,Silver,Midwest,118.56042157968201,4,7,0,Family,3319.6918042310963
358,Gold,South,96.75068185768887,2,10,1,Solo,2128.5150008691553
359,Platinum,West,76.55178507586814,1,1,1,Couple,84.20696358345496
360,Gold,South,170.31965307650174,0,6,1,Solo,0.0
361,Silver,Midwest,105.86533575304506,2,7,0,Group,1482.1147005426308
362,Gold,West,63.884376281900686,6,8,0,Group,3066.4500615312327
363,Silver,Midwest,165.54314418123857,3,7,0,Family,3476.40602780601
364,Gold,Midwest,249.71998069731163,4,6,1,Family,6592.607490409027
365,Platinum,West,149.75716353840426,4,9,0,Group,5391.257887382553
366,Silver,West,183.53963097806567,2,3,1,Group,1211.3615644552335
367,Platinum,West,153.2731743419026,3,6,1,Solo,3034.808851969671
368,Platinum,Northeast,146.04441387235428,3,4,0,Solo,1752.5329664682513
369,Silver,West,186.76305931951075,4,2,1,Family,1643.5149220116946
370,Silver,West,138.38901823245394,4,1,0,Solo,553.5560729298157
371,Silver,West,160.6956925628761,1,1,0,Family,160.6956925628761
372,Silver,West,162.86791224784054,5,10,0,Family,8143.395612392027
373,Silver,South,123.27638185427804,3,3,0,Couple,1109.4874366885024
374,Gold,Northeast,189.6816939814609,6,4,1,Family,5007.596721110568
375,Silver,Midwest,143.00160973218365,3,2,0,Solo,858.009658393102
376,Silver,West,119.77019362028621,8,1,0,Group,958.1615489622897
377,Platinum,South,171.46039374281614,4,4,0,Group,2743.366299885058
378,Silver,South,114.06128072835851,8,7,1,Solo,7026.174892866885
379,Platinum,South,151.12724629476514,4,10,0,Group,6045.089851790606
380,Silver,Midwest,149.63524013423185,4,6,1,Family,3950.3703395437215
381,Silver,West,193.43582263326311,5,6,0,Group,5803.074678997893
382,Gold,Northeast,168.9879293151981,5,9,0,Solo,7604.456819183915
383,Gold,Northeast,148.99892165019423,4,2,0,Group,1191.9913732015539
384,Platinum,South,182.7106519680115,2,4,0,Family,1461.685215744092
385,Gold,Midwest,205.60830196069253,3,5,1,Family,3392.536982351427
386,Platinum,Midwest,172.3124122540745,5,1,0,Solo,861.5620612703725
387,Silver,Midwest,150.41410479373522,0,8,1,Solo,0.0
388,Silver,Northeast,97.52655070599361,2,8,0,Solo,1560.4248112958978
389,Gold,South,107.3954534769851,4,6,0,Couple,2577.4908834476423
390,Platinum,West,137.79101182581329,4,5,1,Couple,3031.4022601678926
391,Platinum,Northeast,125.61951191362867,3,8,1,Family,3316.355114519797
392,Silver,South,142.52114788058216,4,3,0,Couple,1710.253774566986
393,Silver,South,152.26599699588428,9,3,0,Couple,4111.181918888876
394,Gold,West,171.18771017426923,0,2,0,Group,0.0
395,Silver,West,147.18004887763635,4,5,0,Couple,2943.6009775527273
396,Platinum,West,169.46006575304807,0,3,1,Group,0.0
397,Platinum,Midwest,152.5789765924048,5,3,1,Solo,2517.55311377468
398,Silver,West,70.98133734584515,4,6,0,Group,1703.5520963002837
399,Gold,South,112.42658424724982,4,8,1,Group,3957.415765503194
400,Gold,West,144.2364977711354,3,2,0,Solo,865.4189866268123
401,Silver,South,101.61221028635569,5,4,0,Solo,2032.2442057271137
402,Platinum,Northeast,173.9971491998482,4,7,0,Family,4871.92017759575
403,Gold,Midwest,211.2300332937479,2,1,0,Family,422.4600665874958
404,Platinum,Northeast,198.75047406789267,7,1,0,Family,1391.2533184752488
405,Silver,Northeast,141.4622851627917,5,10,0,Family,7073.114258139584
406,Platinum,South,209.62904547399808,2,7,0,Group,2934.806636635973
407,Silver,Northeast,155.94669828808446,8,7,0,Group,8733.01510413273
408,Silver,South,136.51656115527842,1,1,1,Family,150.16821727080628
409,Platinum,West,125.4638934583624,4,1,0,Couple,501.8555738334496
410,Silver,West,137.90121254047486,4,4,0,Family,2206.4194006475977
411,Silver,South,134.47292725835086,1,5,1,Couple,739.6010999209299
412,Platinum,West,156.8166488950195,3,5,1,Solo,2587.474706767822
413,Platinum,Midwest,156.4229592419946,3,4,1,Group,2064.783061994329
414,Gold,Northeast,150.1218408061366,6,8,0,Group,7205.848358694557
415,Gold,Midwest,167.47752678985398,4,7,0,Couple,4689.3707501159115
416,Silver,Northeast,197.62585099145366,4,9,0,Family,7114.530635692332
417,Silver,West,187.98216541765294,1,7,0,Group,1315.8751579235704
418,Silver,Midwest,90.60408126200386,6,10,1,Couple,5979.869363292255
419,Gold,West,47.8431546039218,3,1,0,Solo,143.52946381176542
420,Gold,Northeast,187.37279644957096,3,7,0,Solo,3934.82872544099
421,Gold,South,95.32485206338316,3,1,0,Group,285.9745561901495
422,Gold,South,141.00938392429265,4,7,0,Family,3948.262749880194
423,Silver,Midwest,103.19547895762562,6,10,1,Couple,6810.901611203292
424,Silver,West,77.9207824967992,7,8,0,Group,4363.563819820755
425,Silver,West,171.65850912819153,2,9,0,Solo,3089.8531643074475
426,Gold,Midwest,180.36620641210587,3,3,0,Family,1623.295857708953
427,Silver,South,126.93958397093122,3,4,0,Couple,1523.2750076511747
428,Platinum,Northeast,46.35830831420361,4,4,0,Group,741.7329330272578
429,Silver,Midwest,128.15022206990068,4,9,0,Couple,4613.407994516425
430,Silver,Northeast,165.67216021610187,3,7,0,Family,3479.115364538139
431,Silver,South,90.84353724903485,5,3,1,Family,1498.9183646090753
432,Gold,West,157.33439679116623,5,10,1,Solo,8653.391823514143
433,Gold,South,149.38760603308017,4,5,1,Family,3286.527332727764
434,Silver,Midwest,173.17165998404354,8,7,1,Group,10667.374255017083
435,Silver,West,154.78321473656612,4,8,0,Couple,4953.062871570116
436,Gold,Midwest,111.07724236473777,3,1,0,Family,333.2317270942133
437,Silver,Midwest,197.86286006657966,5,2,0,Family,1978.6286006657965
438,Platinum,South,143.6588170789212,9,7,1,Group,9955.55602356924
439,Gold,Midwest,148.90781841960273,5,2,1,Couple,1637.9860026156302
440,Silver,South,112.66928163707216,2,7,1,Couple,1735.1069372109116
441,Silver,West,132.26870995233958,5,9,0,Solo,5952.0919478552805
442,Platinum,South,114.60789143892396,2,2,1,Solo,504.2747223312655
443,Silver,West,143.08215760306308,2,7,0,Couple,2003.1502064428832
444,Silver,South,218.46833920569372,5,4,0,Group,4369.366784113874
445,Platinum,Northeast,95.12395428274574,2,2,0,Group,380.49581713098297
446,Platinum,Northeast,85.45754408493036,5,7,0,Solo,2991.0140429725625
447,Platinum,Midwest,208.84681309974434,1,5,0,Family,1044.2340654987217
448,Gold,South,141.62705291392535,3,1,0,Group,424.88115874177606
449,Silver,South,123.23709045360334,3,5,0,Family,1848.5563568040502
450,Silver,West,191.59618749584305,2,3,0,Group,1149.5771249750583
451,Gold,Midwest,125.77537841052543,6,7,1,Couple,5810.8224825662755
452,Gold,South,223.04038854187746,2,6,0,Solo,2676.4846625025293
453,Silver,Midwest,177.11703485357077,0,8,0,Family,0.0
454,Platinum,Northeast,130.4835436741719,5,5,1,Family,3588.297451039727
455,Silver,South,236.29232853062013,2,2,1,Couple,1039.6862455347286
456,Silver,South,125.77140307986646,5,9,0,Group,5659.713138593991
457,Silver,Midwest,179.68381488037227,1,8,0,Family,1437.4705190429781
458,Silver,South,161.97170321625967,5,6,0,Group,4859.151096487791
459,Silver,Midwest,202.06965157595192,5,10,0,Couple,10103.482578797595
460,Silver,South,212.4604478690741,5,7,0,Solo,7436.115675417594
461,Silver,West,151.28016596263066,8,9,1,Family,11981.38914424035
462,Gold,Midwest,119.86328518615267,4,7,0,Group,3356.1719852122746
463,Gold,South,168.39888571756467,5,3,1,Family,2778.5816143398174
464,Gold,Northeast,122.89138520991575,6,6,1,Group,4866.498854312664
465,Platinum,South,230.53548990106492,5,7,1,Group,8875.616361191
466,Silver,Northeast,155.4614132433095,4,2,0,Group,1243.691305946476
467,Silver,Northeast,135.38713794751564,2,3,1,Couple,893.5551104536033
468,Platinum,West,157.38721223459635,7,4,0,Solo,4406.841942568698
469,Silver,Midwest,96.11494841881213,2,10,0,Family,1922.2989683762426
470,Platinum,South,111.13543845957395,4,6,0,Solo,2667.2505230297747
471,Silver,West,198.01655631777703,3,1,0,Group,594.0496689533311
472,Platinum,South,123.72422884114417,4,9,1,Group,4899.47946210931
473,Silver,Northeast,108.1235606927224,5,5,0,Solo,2703.0890173180605
474,Platinum,Midwest,171.46611010109143,2,7,0,Solo,2400.52554141528
475,Gold,South,197.4281661865199,7,9,0,Family,12437.974469750754
476,Platinum,South,178.75813242660269,2,9,0,Group,3217.6463836788485
477,Silver,Northeast,189.84190743223266,5,1,0,Solo,949.2095371611633
478,Gold,South,119.72819645722157,1,1,1,Couple,131.70101610294373
479,Platinum,South,93.12757333032624,3,3,0,Group,838.1481599729361
480,Gold,Northeast,210.05334607821948,1,6,0,Group,1260.320076469317
481,Gold,West,137.09280644631457,4,2,0,Family,1096.7424515705166
482,Gold,Northeast,139.9666793417981,5,10,0,Couple,6998.333967089906
483,Silver,West,203.1277656739623,5,1,0,Family,1015.6388283698116
484,Gold,Midwest,172.2492003760264,3,1,0,Couple,516.7476011280792
485,Gold,West,168.2355108832643,4,5,1,Family,3701.181239431815
486,Platinum,West,236.60009379604335,4,4,0,Couple,3785.6015007366937
487,Silver,Midwest,124.25927078479428,9,1,0,Couple,1118.3334370631485
488,Silver,West,187.1136051232495,5,4,0,Couple,3742.27210246499
489,Platinum,Northeast,152.28052499588338,5,3,1,Solo,2512.628662432076
490,Platinum,West,160.74369115453027,7,2,0,Group,2250.4116761634236
491,Silver,Midwest,211.13873705650127,3,9,0,Couple,5700.745900525535
492,Gold,Northeast,170.31343025158495,2,1,1,Solo,374.68954655348693
493,Silver,Midwest,171.5318431619853,7,7,0,Solo,8405.06031493728
494,Silver,Midwest,192.90029349239208,7,4,0,Family,5401.208217786978
495,Silver,South,135.40189081828458,5,5,0,Group,3385.0472704571143
496,Silver,South,116.43161330643974,6,10,0,Group,6985.896798386384
497,Gold,Midwest,108.20763223915866,5,5,0,Family,2705.190805978966
498,Silver,Midwest,71.34573642495992,2,1,0,Group,142.69147284991985
499,Platinum,Midwest,232.2482851976129,5,6,0,Family,6967.448555928388
500,Platinum,South,105.87166537113268,7,9,0,Solo,6669.914918381359
501,Gold,South,141.14985505656912,6,2,0,Solo,1693.7982606788296
502,Gold,West,138.92746800444317,2,7,1,Couple,2139.483007268425
503,Silver,West,162.29626791236404,6,6,1,Family,6426.932209329617
504,Platinum,Midwest,182.62948850157187,3,5,1,Solo,3013.3865602759365
505,Gold,Northeast,184.4189395343898,5,4,0,Solo,3688.378790687796
506,Silver,Northeast,126.67690245724246,4,4,0,Family,2026.8304393158794
507,Platinum,South,143.31513144854355,2,6,0,Solo,1719.7815773825228
508,Platinum,South,161.30319801953198,5,4,0,Group,3226.0639603906393
509,Platinum,South,140.0523549526581,6,5,1,Solo,4621.727713437718
510,Gold,Midwest,214.2938230407997,6,6,0,Family,7714.577629468789
511,Gold,Northeast,169.63899806553005,3,5,0,Group,2544.584970982951
512,Silver,West,179.3951114419927,4,7,0,Group,5023.063120375796
513,Platinum,Midwest,176.5152507466965,4,9,0,Solo,6354.549026881074
514,Platinum,West,196.938954299413,5,10,0,Couple,9846.94771497065
515,Silver,West,157.24086234814828,2,7,0,Group,2201.372072874076
516,Silver,Midwest,98.12672208176613,1,7,0,Family,686.8870545723629
517,Silver,West,165.98751807010566,1,4,1,Couple,730.345079508465
518,Platinum,Northeast,123.94572424832684,7,1,0,Couple,867.6200697382878
519,Platinum,West,128.85533273000974,7,8,1,Group,7937.4884961686
520,Silver,Northeast,173.45456075020374,5,4,1,Solo,3816.0003365044827
521,Gold,Northeast,199.53132285734543,5,1,0,Couple,997.6566142867272
522,Silver,Northeast,150.85086306944245,2,5,1,Solo,1659.359493763867
523,Platinum,South,162.35332050395854,1,8,0,Group,1298.8265640316683
524,Platinum,West,218.08859778540952,6,4,1,Family,5757.538981534812
525,Platinum,Midwest,159.63012717954274,3,8,0,Couple,3831.1230523090258
526,Silver,Midwest,254.0673245672158,3,8,0,Family,6097.615789613179
527,Silver,West,172.62038582526176,3,3,0,Solo,1553.583472427356
528,Silver,South,79.56948963376729,2,9,0,Solo,1432.2508134078112
529,Silver,South,180.1336648441813,4,3,1,Family,2377.7643759431935
530,Platinum,Northeast,165.24633539531112,3,1,0,Group,495.73900618593336
531,Platinum,West,201.59011016330982,7,2,0,Group,2822.2615422863373
532,Platinum,West,176.92725405079833,4,6,0,Couple,4246.25409721916
533,Platinum,Midwest,144.46176064064906,3,10,1,Couple,4767.238101141419
534,Gold,West,101.02807054842538,5,2,0,Group,1010.2807054842538
535,Gold,South,141.639069708559,2,6,0,Group,1699.668836502708
536,Platinum,West,115.979181831628,4,1,0,Family,463.916727326512
537,Platinum,Midwest,126.77906200781109,3,1,1,Solo,418.37090462577663
538,Silver,Northeast,173.5431361768244,5,5,0,Solo,4338.57840442061
539,Silver,Midwest,216.79618017405625,2,10,0,Couple,4335.923603481125
540,Silver,Midwest,165.78686119291925,6,9,0,Group,8952.49050441764
541,Platinum,Northeast,102.16467751859263,3,8,1,Family,2697.1474864908455
542,Gold,Midwest,167.78410672880563,4,3,0,Couple,2013.4092807456675
543,Silver,Midwest,197.86525946582606,5,3,0,Family,2967.978891987391
544,Gold,West,125.60868382722471,4,1,0,Group,502.43473530889884
545,Gold,West,144.6393133330833,4,3,1,Group,1909.2389359966996
546,Silver,Northeast,150.5875277891679,2,1,1,Group,331.2925611361694
547,Silver,West,118.6040674767104,3,8,0,Solo,2846.4976194410497
548,Gold,West,175.93121735375436,2,1,0,Group,351.8624347075087
549,Gold,Midwest,145.16207405568875,1,5,0,Couple,725.8103702784438
550,Gold,South,166.7812977562811,3,9,0,Solo,4503.09503941959
551,Gold,West,114.500312887916,4,7,0,Family,3206.0087608616477
552,Platinum,South,132.50166798706357,4,4,0,Couple,2120.026687793017
553,Gold,West,178.89525431311085,7,9,0,Couple,11270.401021725984
554,Gold,West,135.08667391632932,2,9,1,Family,2674.716143543321
555,Platinum,Northeast,219.07855404933622,5,2,0,Solo,2190.785540493362
556,Silver,Northeast,134.0145525754159,8,10,0,Couple,10721.164206033272
557,Silver,Northeast,158.98738903007543,9,10,0,Couple,14308.86501270679
558,Silver,South,187.30363327492358,2,6,0,Couple,2247.643599299083
559,Gold,Midwest,93.26537068267874,4,4,0,Solo,1492.2459309228598
560,Gold,West,79.56764752076896,4,8,0,Solo,2546.1647206646066
561,Gold,West,88.97374741719621,6,7,0,Solo,3736.897391522241
562,Silver,West,200.5033641370873,5,7,1,Couple,7719.379519277862
563,Silver,South,127.92567416430214,1,10,1,Group,1407.1824158073237
564,Silver,Northeast,252.32797142673007,2,9,0,Family,4541.903485681141
565,Silver,Midwest,127.43009605370446,6,5,0,Group,3822.902881611134
566,Gold,South,157.38205212788148,5,6,0,Solo,4721.461563836445
567,Silver,Northeast,211.68439810271502,4,1,0,Couple,846.7375924108601
568,Silver,South,230.24371552636492,5,6,0,Couple,6907.311465790948
569,Platinum,Midwest,232.4601430654559,4,2,1,Group,2045.649258976012
570,Silver,Northeast,198.3346492237257,4,6,1,Group,5236.034739506359
571,Gold,South,190.9625010324585,1,9,1,Family,1890.5287602213393
572,Gold,Midwest,173.70107796804731,8,8,0,Couple,11116.868989955028
573,Silver,West,181.13444304666552,2,9,1,Group,3586.461972323978
574,Gold,Midwest,127.95257134685866,4,10,1,Family,5629.913139261782
575,Platinum,West,117.27204466310772,7,8,0,Solo,6567.234501134032
576,Platinum,South,149.86502170356192,6,3,0,Group,2697.5703906641147
577,Silver,Northeast,143.19261509900286,3,8,1,Solo,3780.285038613676
578,Platinum,Northeast,131.870878026909,5,6,0,Family,3956.1263408072696
579,Silver,South,177.85549789826862,5,6,0,Solo,5335.664936948058
580,Silver,Northeast,188.21220834282042,3,6,0,Couple,3387.8197501707673
581,Silver,Northeast,153.5362754516739,3,3,0,Couple,1381.826479065065
582,Platinum,West,209.1012032422105,5,10,0,Solo,10455.060162110523
583,Silver,South,104.3324354346598,1,1,1,Couple,114.76567897812579
584,Silver,Midwest,142.2536216288113,4,4,0,Family,2276.0579460609806
585,Gold,West,121.3271071758878,2,10,0,Couple,2426.542143517756
586,Silver,South,75.3385353170776,1,6,0,Solo,452.0312119024656
587,Silver,West,146.69277256629204,2,10,0,Solo,2933.8554513258405
588,Silver,Midwest,145.13009966466865,4,2,0,Solo,1161.0407973173492
589,Silver,Midwest,210.53798972968525,4,7,0,Group,5895.063712431187
590,Silver,South,175.2324673821911,2,7,0,Solo,2453.2545433506752
591,Silver,Midwest,109.0325270268318,9,4,0,Family,3925.1709729659447
592,Gold,West,224.16370265336752,4,4,0,Couple,3586.6192424538804
593,Silver,Midwest,198.84134782101412,5,1,0,Couple,994.2067391050706
594,Silver,West,173.28390813874464,4,2,0,Group,1386.271265109957
595,Platinum,West,140.94063604600672,3,9,0,Group,3805.3971732421815
596,Silver,Midwest,111.62243053106081,6,10,1,Family,7367.080415050015
597,Gold,South,135.11172895715788,5,8,0,Solo,5404.469158286315
598,Silver,Northeast,193.54994478816744,5,8,0,Group,7741.997791526697
599,Silver,Midwest,225.38345223738435,4,9,0,Couple,8113.804280545836
600,Silver,West,211.72974113088756,4,7,0,Group,5928.432751664852
601,Silver,West,130.44602312854903,3,9,1,Group,3874.2468869179065
602,Silver,Midwest,105.21530266843955,1,10,0,Solo,1052.1530266843954
603,Silver,South,155.63544987644815,1,2,0,Group,311.2708997528963
604,Silver,South,79.26242537748594,5,6,0,Family,2377.8727613245783
605,Silver,West,162.92670856739124,6,3,0,Couple,2932.6807542130423
606,Silver,West,144.09589654805325,6,6,1,Solo,5706.197503302908
607,Silver,South,131.35853992527032,3,3,0,Couple,1182.226859327433
608,Silver,Northeast,86.21187730932817,6,8,0,Family,4138.170110847752
609,Gold,Midwest,170.54400426278866,5,4,0,Family,3410.8800852557733
610,Gold,West,128.69196641352355,6,10,0,Group,7721.517984811412
611,Silver,West,103.20332657158848,1,6,1,Group,681.141955372484
612,Gold,South,35.10951146873403,3,9,0,Group,947.9568096558187
613,Gold,Midwest,148.89940379797454,3,2,0,Couple,893.3964227878473
614,Silver,South,220.89006386678977,6,2,0,Family,2650.6807664014773
615,Platinum,Midwest,216.4503685819148,2,7,0,Solo,3030.3051601468073
616,Platinum,Midwest,131.71614973654914,9,2,0,Group,2370.8906952578845
617,Silver,Midwest,125.91151758552877,4,2,0,Couple,1007.2921406842302
618,Silver,West,168.75097024300095,3,4,0,Group,2025.0116429160114
619,Platinum,Northeast,110.06458243246834,5,9,0,Family,4952.906209461075
620,Gold,South,162.07167599277864,5,8,0,Solo,6482.8670397111455
621,Silver,Northeast,180.64321113538762,2,2,1,Family,794.8301289957055
622,Silver,South,199.0773289553723,3,8,0,Couple,4777.855894928935
623,Silver,Midwest,145.99383694080188,5,4,0,Group,2919.8767388160377
624,Silver,West,141.85304999292137,4,2,0,Family,1134.824399943371
625,Gold,Northeast,114.88069652973755,3,10,0,Couple,3446.4208958921267
626,Silver,West,116.9247858384056,1,7,0,Group,818.4735008688392
627,Silver,South,140.94084432393893,4,6,1,Solo,3720.8382901519885
628,Gold,West,164.69462027264711,2,10,0,Family,3293.8924054529425
629,Silver,West,186.54338504932997,8,5,0,Group,7461.735401973199
630,Silver,Northeast,117.8728419727862,7,1,0,Group,825.1098938095034
631,Gold,Midwest,209.70754275838087,5,2,0,Group,2097.0754275838085
632,Platinum,West,139.15505595829725,2,8,0,Group,2226.480895332756
633,Gold,Midwest,149.14530822606255,4,1,1,Family,656.2393561946753
634,Gold,South,120.11153283408706,6,3,0,Group,2162.0075910135674
635,Silver,West,53.03038958908233,3,2,0,Couple,318.18233753449397
636,Silver,Northeast,185.361815854442,2,5,0,Family,1853.61815854442
637,Gold,South,179.47375588369732,5,4,0,Group,3589.4751176739464
638,Silver,South,138.74689771527147,5,7,0,Family,4856.141420034501
639,Silver,Northeast,152.67962868899488,5,5,0,Couple,3816.990717224872
640,Silver,West,170.63756870816397,5,8,0,Couple,6825.5027483265585
641,Silver,West,87.4981657245383,6,4,0,Family,2099.955977388919
642,Silver,South,128.8378929061482,4,6,0,Group,3092.1094297475565
643,Silver,West,181.77058718487308,0,4,0,Group,0.0
644,Silver,Midwest,99.82842307323003,6,2,0,Couple,1197.9410768787602
645,Silver,Northeast,161.74231728666518,5,1,0,Group,808.7115864333259
646,Platinum,Midwest,95.7367278150638,6,1,0,Couple,574.4203668903829
647,Gold,West,168.65719929734107,6,8,0,Group,8095.545566272371
648,Gold,South,148.57434070810066,2,4,0,Couple,1188.5947256648053
649,Gold,Northeast,85.39472736377962,2,5,1,Solo,939.3420010015759
650,Silver,West,196.58957417828685,3,8,0,Group,4718.1497802788845
651,Silver,West,120.61633692807803,6,7,0,Group,5065.886150979278
652,Gold,South,117.58990251942475,4,8,0,Group,3762.876880621592
653,Gold,South,158.0227678892377,3,8,0,Family,3792.5464293417053
654,Gold,Midwest,195.9454939771486,3,6,0,Group,3527.018891588675
655,Silver,Northeast,109.36712724086412,3,10,0,Family,3281.0138172259235
656,Silver,Northeast,152.46719399391887,4,2,0,Family,1219.737551951351
657,Silver,South,167.1526600132229,2,6,0,Couple,2005.831920158675
658,Silver,Midwest,177.72422429052577,4,1,0,Family,710.8968971621031
659,Gold,Northeast,157.057662211089,4,1,1,Family,691.0537137287916
660,Gold,South,135.3188864366671,6,3,0,Solo,2435.739955860008
661,Silver,West,116.89639117405122,2,3,0,Group,701.3783470443072
662,Platinum,Northeast,153.445755321855,1,5,0,Family,767.228776609275
663,Gold,Midwest,107.11443952057573,5,1,0,Group,535.5721976028786
664,Silver,Midwest,33.14598066021571,5,10,0,Family,1657.2990330107857
665,Silver,Midwest,167.4623921663067,6,6,0,Couple,6028.646117987041
666,Silver,West,186.15739364344782,6,7,0,Solo,7818.610533024808
667,Silver,Northeast,55.48270257832647,1,10,0,Family,554.8270257832646
668,Silver,Northeast,109.61077181160249,3,3,1,Group,1085.1466409348648
669,Silver,West,174.7661704402079,3,4,1,Couple,2306.913449810744
670,Silver,Northeast,232.29981878846795,7,10,0,Group,16260.987315192757
671,Silver,West,150.8317483070163,6,10,0,Couple,9049.904898420978
672,Platinum,West,120.87988235083462,3,10,0,Solo,3626.3964705250382
673,Silver,West,142.6841423558064,4,10,0,Couple,5707.365694232256
674,Gold,Midwest,204.9950567659274,1,10,0,Group,2049.950567659274
675,Silver,Northeast,124.16143283501859,4,3,0,Group,1489.9371940202232
676,Platinum,West,118.03231973398985,4,1,1,Family,519.3422068295554
677,Silver,Northeast,130.6902591127187,1,8,0,Couple,1045.5220729017497
678,Silver,Midwest,111.8668556696515,2,10,0,Group,2237.33711339303
679,Platinum,West,154.9068126397918,6,10,0,Family,9294.408758387508
680,Platinum,South,214.98713833878242,4,2,1,Solo,1891.8868173812855
681,Platinum,Midwest,162.92317092464117,2,1,0,Group,325.84634184928234
682,Silver,South,139.9058599149485,7,8,0,Family,7834.728155237117
683,Silver,Northeast,138.32754924337823,5,7,0,Group,4841.464223518238
684,Gold,Northeast,87.47236765213373,4,7,1,Couple,2694.148923685719
685,Platinum,Midwest,185.32439108588636,6,4,0,Family,4447.785386061272
686,Gold,Northeast,146.88651211948792,7,9,1,Couple,10179.235289880515
687,Gold,South,142.78080345637497,3,6,0,Solo,2570.054462214749
688,Silver,West,277.72430271379443,5,2,0,Couple,2777.2430271379444
689,Gold,West,161.95011633462744,6,1,0,Family,971.7006980077647
690,Silver,West,119.92835799619263,2,1,0,Group,239.85671599238526
691,Silver,Midwest,132.94569615177826,5,9,0,Family,5982.556326830022
692,Silver,Northeast,195.9378283678702,2,4,1,Couple,1724.2528896372578
693,Gold,South,154.53081642151056,3,5,0,Couple,2317.9622463226583
694,Silver,Northeast,92.46888086730533,1,3,0,Group,277.406642601916
695,Silver,Northeast,186.76915738300815,2,4,0,Solo,1494.1532590640652
696,Gold,Northeast,123.27423657844024,3,8,0,Family,2958.5816778825656
697,Silver,West,224.9319110487018,3,4,0,Group,2699.182932584422
698,Gold,South,193.20192262858595,6,9,0,Group,10432.90382194364
699,Silver,South,132.10712417364996,1,9,0,Group,1188.9641175628497
700,Silver,Northeast,201.24065446940452,5,6,0,Family,6037.219634082136
701,Gold,West,152.71422042109614,6,2,1,Family,2015.8277095584695
702,Silver,West,184.11094700488877,6,10,0,Family,11046.656820293327
703,Silver,South,169.389312691779,3,7,1,Solo,3912.8931231800952
704,Silver,West,116.14573380036506,4,9,0,Group,4181.246416813143
705,Silver,West,124.25800670730152,5,6,0,Couple,3727.740201219046
706,Platinum,West,191.19843270324645,4,3,0,Couple,2294.3811924389574
707,Silver,Midwest,136.60898671573835,4,7,0,Group,3825.0516280406737
708,Platinum,Northeast,133.85406147032012,4,5,1,Couple,2944.789352347043
709,Silver,South,111.79509682602588,4,1,0,Solo,447.18038730410353
710,Gold,South,166.94396262373846,5,3,0,Solo,2504.1594393560767
711,Gold,Midwest,232.50099676972582,2,5,1,Family,2557.510964466984
712,Gold,Northeast,107.29868342982908,3,7,0,Family,2253.2723520264108
713,Silver,South,150.96877826691033,2,3,0,Family,905.812669601462
714,Silver,West,206.48882221661717,1,6,0,Family,1238.932933299703
715,Silver,South,146.81434435017138,8,5,1,Family,6459.831151407541
716,Platinum,West,168.09487184998935,1,1,0,Couple,168.09487184998935
717,Platinum,Midwest,107.50425887412482,10,10,0,Couple,10750.425887412483
718,Platinum,West,167.13228388830595,5,6,0,Family,5013.968516649178
719,Silver,South,142.51422939981805,6,8,1,Solo,7524.751312310393
720,Gold,South,189.4291998271945,3,1,0,Couple,568.2875994815836
721,Platinum,South,197.49544206259003,6,2,0,Solo,2369.9453047510806
722,Silver,Midwest,253.58254568074454,4,4,0,Solo,4057.3207308919127
723,Silver,Midwest,173.18532692854302,3,2,1,Group,1143.0231577283841
724,Gold,Northeast,163.03185266328666,0,9,1,Group,0.0
725,Gold,South,157.77537206309344,5,10,1,Family,8677.64546347014
726,Platinum,West,135.87334828757247,8,8,0,Solo,8695.894290404638
727,Silver,Midwest,163.53935373846764,2,8,0,Couple,2616.6296598154822
728,Gold,South,138.18394359443883,3,4,0,Group,1658.207323133266
729,Silver,South,156.73843905078456,6,5,1,Group,5172.368488675891
730,Silver,Midwest,202.7039014243184,1,4,0,Solo,810.8156056972736
731,Silver,Northeast,109.73829738881435,5,9,0,Group,4938.223382496645
732,Platinum,Midwest,195.5951424451618,5,2,1,Group,2151.54656689678
733,Gold,Midwest,202.68460269359463,7,8,0,Couple,11350.3377508413
734,Gold,West,145.27725892035684,5,2,0,Solo,1452.7725892035685
735,Silver,West,65.12580403965622,1,1,0,Group,65.12580403965622
736,Platinum,Northeast,125.6871205162227,4,10,0,Solo,5027.484820648908
737,Silver,South,201.87978186244436,6,3,1,Group,3997.219680876399
738,Platinum,Midwest,149.08527750804473,1,9,0,Couple,1341.7674975724026
739,Silver,Northeast,110.02791070820356,1,3,0,Solo,330.0837321246107
740,Silver,West,129.8090031508713,2,9,0,Group,2336.5620567156834
741,Silver,Midwest,183.6248010601821,6,7,0,Couple,7712.2416445276485
742,Silver,South,171.8693427280552,4,10,0,Group,6874.773709122208
743,Gold,West,140.44271603321224,5,1,0,Solo,702.2135801660612
744,Gold,West,135.3270235274125,8,10,0,Group,10826.161882193
745,Silver,West,134.32967403824713,5,5,0,Solo,3358.2418509561785
746,Platinum,Northeast,113.1035926200599,6,9,0,Solo,6107.594001483235
747,Silver,South,214.61502757877767,3,3,0,Group,1931.5352482089988
748,Gold,Midwest,137.1071812315464,3,9,1,Couple,4072.083282576929
749,Platinum,Northeast,198.68634083301987,4,5,1,Family,4371.099498326437
750,Gold,Northeast,210.85264207689806,4,9,1,Couple,8349.764626245164
751,Silver,Northeast,189.9324359259184,5,10,0,Couple,9496.62179629592
752,Platinum,West,132.73518749127805,4,6,0,Group,3185.6444997906733
753,Gold,South,166.14920361346438,5,9,0,Couple,7476.7141626058965
754,Silver,Northeast,149.03217574436334,3,7,0,Couple,3129.67569063163
755,Silver,Midwest,113.85192557079488,1,7,0,Family,796.9634789955642
756,Gold,South,162.97437126886413,3,8,0,Couple,3911.384910452739
757,Gold,Midwest,102.8384083536079,3,7,1,Family,2375.567232968343
758,Gold,South,197.50717553846255,3,9,0,Group,5332.693739538488
759,Platinum,Midwest,131.41530810806427,6,9,0,Family,7096.4266378354705
760,Gold,West,158.04638623491357,7,6,1,Solo,7301.743044053007
761,Silver,Northeast,161.33151486184568,5,7,0,Solo,5646.603020164599
762,Silver,Midwest,139.6438010518369,4,2,1,Family,1228.8654492561648
763,Silver,South,173.467752059011,2,9,1,Solo,3434.661490768418
764,Gold,Northeast,131.00385373509903,0,1,1,Group,0.0
765,Silver,Northeast,184.85189189828975,4,1,0,Solo,739.407567593159
766,Gold,South,96.16081279013005,3,3,0,Family,865.4473151111704
767,Gold,Midwest,155.05518318185648,5,6,0,Group,4651.655495455694
768,Platinum,West,227.55715996233138,3,5,0,Solo,3413.357399434971
769,Silver,West,109.98674701577701,4,2,0,Group,879.8939761262161
770,Platinum,Midwest,122.89020117900594,6,9,0,Family,6636.070863666321
771,Silver,Northeast,170.5563139863566,3,10,0,Solo,5116.689419590698
772,Platinum,Northeast,157.1832712775839,3,4,0,Group,1886.199255331007
773,Silver,Northeast,164.02520397094236,4,4,1,Group,2886.843589888586
774,Silver,Northeast,169.56748520590654,5,5,1,Solo,4663.105843162431
775,Gold,Midwest,175.3888587424708,5,8,0,Group,7015.554349698832
776,Silver,Northeast,194.38799367824893,4,10,0,Group,7775.519747129957
777,Silver,South,166.3927462771405,8,4,1,Family,5857.024668955346
778,Gold,Northeast,140.3496938152583,6,5,0,Family,4210.4908144577485
779,Gold,West,176.90294804810924,4,4,1,Family,3113.491885646723
780,Gold,Northeast,225.9952773958086,3,6,1,Family,4474.706492437011
781,Gold,Midwest,144.69465014469705,3,3,0,Family,1302.2518513022735
782,Gold,West,111.01882781317434,4,8,1,Family,3907.862739023737
783,Silver,Midwest,194.2832267714789,4,6,0,Solo,4662.7974425154935
784,Silver,Midwest,145.18475344185606,3,10,0,Family,4355.542603255682
785,Silver,West,63.09321815943855,4,5,0,Group,1261.864363188771
786,Platinum,Midwest,183.89686708601687,3,2,0,Solo,1103.3812025161012
787,Gold,Midwest,128.58687256184308,5,10,1,Group,7072.27799090137
788,Silver,Northeast,146.37866870783358,2,10,0,Family,2927.573374156672
789,Silver,South,163.27921322276057,6,7,0,Family,6857.7269553559445
790,Platinum,Midwest,157.61998719116266,5,2,0,Group,1576.1998719116266
791,Silver,Midwest,178.3780726855616,1,1,1,Group,196.21587995411775
792,Gold,Midwest,132.58054517720626,5,7,1,Group,5104.350989322441
793,Gold,Northeast,170.5242319270433,4,5,1,Couple,3751.533102394953
794,Gold,South,139.61813289664332,0,1,0,Couple,0.0
795,Silver,West,179.5524192355001,5,4,0,Couple,3591.048384710002
796,Platinum,Northeast,174.61469936052214,4,4,0,Couple,2793.835189768354
797,Platinum,Northeast,112.58245191821618,6,10,0,Solo,6754.947115092971
798,Gold,South,193.43928464700127,1,7,0,Family,1354.0749925290088
799,Gold,South,128.56146219543808,2,9,0,Group,2314.1063195178854
800,Platinum,Northeast,182.3223119312458,2,2,0,Family,729.2892477249832
