StartupID,State,Specialty,FoundersExperience,InitialInvestment,MonthlyRevenue,LoanAmountRequested,HasBusinessPlan,CreditGrade,Defaulted
1,NC,Pediatric,11,348246.6349091776,50235.30070693403,341980.3857902788,1,A,0
2,NY,Oral Surgery,4,340107.5603440664,39069.02477938395,336782.2289097969,0,D,0
3,IL,Prosthodontics,15,455537.6816806908,26985.520604233123,338213.132892994,1,D,0
4,NC,General,6,337712.9503576716,63686.5287388875,119951.23529369856,1,A,0
5,FL,Prosthodontics,17,350403.09536735294,57492.904776431125,265504.3035433746,1,C,0
6,IL,Oral Surgery,6,383188.5104374706,84330.23103196509,306920.3950091461,1,B,0
7,IL,Oral Surgery,19,362660.07316234306,34340.40740002613,278615.39219419984,1,D,0
8,NC,Oral Surgery,2,282642.9792987875,46865.59269001954,297744.7244366372,1,E,0
9,TX,Prosthodontics,15,479590.65048474737,48072.387787162916,254376.3253214108,1,A,0
10,FL,Oral Surgery,11,504853.09385076,64840.54157423197,194141.18449551048,1,D,0
11,NC,Prosthodontics,8,434361.8589535217,42393.381588010874,122717.6961260311,1,C,0
12,FL,Oral Surgery,19,362344.7348977734,32434.372187362183,201582.29285136436,1,E,0
13,FL,Pediatric,13,329478.92636702186,68117.13962691503,450858.2405228794,0,B,0
14,IL,Oral Surgery,12,329637.99370735534,45250.24956108158,213576.1617931996,1,D,0
15,NY,Prosthodontics,5,635737.6365032708,63179.652645890645,103045.7330431942,0,A,1
16,FL,Ortho,6,493783.8301566644,61432.97601188317,304948.7020546812,1,B,0
17,GA,Oral Surgery,4,315988.9921416662,49551.642891465504,314159.5006511984,1,A,0
18,IL,Ortho,19,416469.78274371405,47385.29442447878,346549.3292614105,1,E,0
19,TX,Pediatric,1,363746.4974900638,44126.527905052935,285323.38777800853,1,D,0
20,NY,General,17,458380.0376156291,49772.10306845016,313420.11358502135,1,D,0
21,GA,Pediatric,12,454349.91027893417,62946.50339255946,388016.2851131493,1,E,0
22,GA,Oral Surgery,15,508360.96539054706,38053.39728410631,194089.48809534137,1,A,0
23,TX,Ortho,1,314944.35413378046,51632.684453136804,179211.19709322118,1,B,1
24,NY,Ortho,14,410473.5298638131,33220.52857701789,167906.00953353033,0,A,0
25,IL,Prosthodontics,6,225145.30150424736,35088.40650436711,230067.28101295128,1,A,0
26,CA,Ortho,5,274265.96995711554,49535.91504266564,357506.6814868876,1,A,0
27,NY,Prosthodontics,11,488410.08365591796,20597.62987559252,289605.1275809676,1,B,0
28,TX,General,4,304931.6208594673,80908.37924924078,286651.89645319135,1,B,0
29,GA,Oral Surgery,13,315909.1201952145,32104.100676346454,113551.90535014574,1,A,0
30,IL,Prosthodontics,11,399172.19254499505,49398.6723101517,198010.98795726855,0,A,0
31,NY,General,3,469476.10308465397,67523.26582725297,112325.67753534723,1,A,0
32,CA,Ortho,1,293917.3204165904,37056.419918742526,337843.4341991158,1,E,0
33,CA,Ortho,6,100000.0,15459.545156829256,368923.48696643,1,D,1
34,FL,General,18,312977.67578564887,43325.81359812993,308467.5045430286,1,E,0
35,FL,Ortho,10,520562.80779528373,36877.694298858216,175991.0465695341,1,B,0
36,NC,General,5,434313.5051016874,15854.397371119965,361151.6870211843,0,B,0
37,TX,Prosthodontics,10,532387.4803787214,54273.348388582985,231005.88174810924,1,D,0
38,NY,Prosthodontics,12,286818.38578673045,53106.40793349427,158915.5539435504,1,B,0
39,NY,General,2,236060.37323359438,67134.89681807527,177669.68090412306,0,B,0
40,NC,Prosthodontics,13,446254.85526475403,33187.66451719419,217738.25233061225,1,A,0
41,GA,Prosthodontics,8,424002.2737685046,26012.95270329481,253718.389036353,1,A,0
42,GA,Prosthodontics,2,430555.43203772587,43899.15375430124,237899.18412611546,1,B,0
43,NC,Pediatric,1,493299.66426505684,48674.86011486357,144049.86863717297,1,B,0
44,GA,Oral Surgery,5,442168.492391226,63820.244044797444,340998.73068892315,0,C,0
45,FL,Ortho,9,440561.75931403786,71158.52007507738,238704.55604223674,1,A,0
46,NY,Pediatric,17,471500.7013801141,68217.1870086102,196468.46077970118,0,A,0
47,NC,Prosthodontics,9,450241.6632187027,54148.15500339,333272.6771487073,1,D,0
48,NY,General,11,485744.5931717406,61992.48880256222,161244.53588001017,0,A,0
49,CA,Prosthodontics,15,500852.0824778582,40392.59847846224,127833.2362319114,1,B,0
50,FL,Oral Surgery,6,553168.8801240915,52525.927887128695,345436.5584949054,1,D,0
51,IL,Prosthodontics,3,335080.8675096321,32130.647910682907,391854.0887162754,1,A,0
52,FL,General,17,448056.21074107476,50940.280953303096,215342.79860114513,1,A,0
53,NC,Oral Surgery,5,362967.66314027034,51329.70046097019,246552.2494062141,1,B,0
54,IL,Prosthodontics,12,316644.10127207334,75831.92908527455,164000.14641093224,1,B,0
55,CA,Oral Surgery,18,331045.9678919634,46565.2570776463,250411.9412682545,1,C,0
56,NC,Ortho,14,449495.55175615253,51350.642564799295,214322.10522016024,1,D,1
57,TX,Ortho,11,441825.25547860004,53554.42123568064,242340.36699737504,1,A,0
58,NY,Prosthodontics,9,440041.2029238437,43177.6952616732,280694.3790697932,1,C,0
59,CA,Oral Surgery,2,377428.6352430667,37962.60900182529,167639.0891476865,1,B,0
60,NY,General,12,400341.47511784104,69482.16987270578,222864.14955755745,1,A,0
61,GA,Prosthodontics,3,481775.26958760497,35286.23835559553,114716.39336663662,1,C,0
62,TX,Ortho,3,251060.69403506938,30081.228924690902,223375.9536915034,1,B,0
63,TX,Ortho,1,402464.2098428584,60203.9806894322,242992.44468122502,0,B,0
64,CA,Prosthodontics,8,408995.61481267895,67367.22263036013,267173.68187958084,0,A,1
65,TX,Oral Surgery,8,475330.4269077649,43228.855135990416,267968.2405272407,1,B,1
66,IL,Ortho,11,264975.1588057175,43459.197685251806,317794.2063052642,1,B,0
67,TX,Oral Surgery,9,549513.3745517412,54238.152891601894,134525.011054501,0,D,0
68,NY,Ortho,5,421363.042442851,39382.20984885225,138529.22275372795,1,A,0
69,NY,Ortho,14,426658.05466949363,38274.31219082047,289671.84522943903,1,B,0
70,NC,Pediatric,3,359862.0242667773,63193.88881979549,97077.9042245938,1,B,0
71,NY,Ortho,5,453802.2354796844,59106.966511754275,263747.5159078745,1,C,0
72,NC,General,5,404795.40502831055,69667.38329477157,161478.02953075798,0,C,0
73,NY,Prosthodontics,19,520898.19441064657,31211.164814517564,367961.0980687886,1,C,0
74,IL,Prosthodontics,14,255850.57519363848,42463.06269634075,268783.9305795833,1,D,0
75,NC,Oral Surgery,4,417554.5829890508,54217.693434041794,233563.29852152037,1,D,0
76,FL,Ortho,13,440851.23483774264,36115.6872533845,342079.0657854384,1,B,0
77,GA,General,10,381362.76056369086,59625.31155731974,170244.8495071787,1,B,0
78,CA,Oral Surgery,18,359533.4176692954,68369.40630839497,184494.27744341438,1,D,0
79,NY,Pediatric,8,363704.27210312925,41249.630416589775,155390.88747586682,1,E,0
80,TX,Oral Surgery,8,417463.9269367828,50578.879103405496,185122.05802382552,1,D,0
81,NY,Oral Surgery,7,219004.1099019294,71834.28035121674,254583.67070255408,1,B,0
82,TX,Ortho,8,496501.496106323,76989.07362528499,287046.390399529,1,A,0
83,GA,Pediatric,14,351986.81323041493,61187.018765906054,322106.6264025657,0,B,0
84,GA,Oral Surgery,19,412780.2697366783,58901.437597904136,113145.69648244456,0,C,1
85,GA,General,6,436710.2266788067,37193.95197972632,237110.27601525313,1,B,0
86,TX,General,1,347419.4612687043,55388.14100686761,166887.66016068988,1,B,1
87,NY,Prosthodontics,15,386896.1593001004,58352.31261162498,234603.46813839243,1,D,0
88,GA,Pediatric,1,196475.9759374496,46844.44762158432,425062.268509528,1,B,0
89,IL,Pediatric,17,473212.3607333072,41078.35618166506,271889.6321500011,1,D,0
90,NC,Prosthodontics,1,508006.90003221645,30780.534897847177,317459.87283611845,1,B,0
91,TX,Oral Surgery,15,229900.64480612465,23934.053674230618,397051.84541207855,1,B,1
92,TX,Pediatric,2,359350.7123303738,20781.747300182557,334551.86823810684,1,B,0
93,NY,General,14,277013.06217591855,58691.63859300892,216406.41402347616,0,D,0
94,TX,General,8,382225.9678512594,52215.489878401655,154312.59350725464,1,A,0
95,TX,Ortho,8,464863.6334720961,42742.833026883556,247739.17978593617,1,A,0
96,GA,Pediatric,19,498730.88992566254,45028.15553413042,207422.0661835986,1,E,0
97,NY,Oral Surgery,7,512185.31894268485,53157.05812295727,135660.90350356192,1,A,0
98,GA,Prosthodontics,19,531054.3824692213,47531.55393487109,268069.37479671015,1,C,0
99,NC,Prosthodontics,6,377758.72215444344,29891.70229994258,269941.47235445,1,C,0
100,NC,Oral Surgery,6,285304.1371266561,63695.00330411449,382683.7525197465,0,B,0
101,GA,Ortho,3,388540.9699692031,54561.89256004714,222867.76983723897,1,C,0
102,NC,Prosthodontics,7,463326.7502303576,53988.47719720772,271009.1041727087,1,A,0
103,NY,Pediatric,19,277274.02190791426,62563.440550375584,200088.59389823384,0,C,0
104,CA,Ortho,8,566013.6953448242,37795.31965910488,315487.7073020099,0,B,0
105,GA,Pediatric,10,489788.85387603415,68205.97156588762,240653.66528574028,1,C,0
106,IL,General,15,379343.2831568671,47899.357220866426,162055.6293360443,0,A,0
107,IL,Ortho,15,328912.8069588759,63328.98320496312,248989.61337511314,1,C,0
108,TX,Prosthodontics,1,333087.8918887357,61016.73550231482,279289.21731737506,1,A,1
109,NC,Ortho,7,407420.6213800155,34417.97257996166,269145.5040560172,1,B,0
110,IL,Ortho,4,377059.7397269648,57543.50607371204,328442.25366219017,1,A,0
111,TX,Ortho,6,495050.2755282625,54894.12006270028,141395.7720969483,1,A,0
112,CA,Ortho,1,365702.4171697371,50454.67486241514,186794.3057488794,1,D,0
113,NY,Pediatric,5,450550.1810611491,48584.42374946928,297984.0498846653,0,B,0
114,NY,General,1,397107.511582513,48711.60125423312,195604.82665291964,1,E,1
115,NY,Oral Surgery,4,426966.9357397071,62190.34138465993,268035.3436997655,1,E,0
116,IL,Ortho,2,376994.3564403617,58668.65770687265,68519.10644411782,1,C,0
117,CA,Prosthodontics,10,470771.5541249621,50457.18275398497,453695.99292346614,1,A,0
118,IL,Ortho,5,472254.0080290077,27620.95780292938,229771.11013319978,1,B,0
119,NC,Prosthodontics,10,445992.90258221445,57416.65121125428,339546.71949912084,0,D,0
120,IL,Pediatric,1,460751.4327149504,60854.20428766669,224732.66308123816,0,B,0
121,CA,Prosthodontics,6,305563.12224569474,84506.15128170454,281102.38965481654,1,A,0
122,CA,Oral Surgery,13,432324.57629089797,66131.49594657557,361893.9734758954,1,C,0
123,NC,General,15,524920.1767487533,21512.354181267987,337435.4514406289,0,D,0
124,CA,Prosthodontics,4,449140.45670194976,51176.44098527964,234665.87652360817,1,D,0
125,CA,Prosthodontics,13,296928.2497198477,77170.62542997472,239855.92559547306,1,A,0
126,NY,General,15,395023.3490350915,59353.23285352456,325267.4920137464,1,C,0
127,NC,Oral Surgery,8,437497.7938339709,54929.78240559813,424993.3303213976,1,A,0
128,FL,Ortho,5,324260.0483101691,63503.42988372854,264421.20057992806,0,A,0
129,FL,Prosthodontics,15,264172.8803276647,40664.32707513795,396779.77304062305,1,D,0
130,CA,General,4,368390.2131563473,57171.34994941184,231893.91921848455,1,A,1
131,FL,Pediatric,12,325916.75920322974,46242.97941512134,321397.0272632351,1,B,0
132,FL,General,13,398571.09686100314,49705.64771284288,332586.6821685465,1,A,0
133,CA,Pediatric,2,240859.53525037115,62426.81773542659,219252.962211042,0,D,0
134,FL,Oral Surgery,19,456470.1062536156,36099.303462617274,193969.14405237688,1,D,0
135,IL,Ortho,19,336539.49647066434,69319.73710702907,335904.1891410515,1,C,0
136,TX,General,4,499575.2236681356,43657.82058371685,210133.22970677074,1,D,0
137,NC,Prosthodontics,4,372310.1160203622,53909.94249725611,182923.7565493448,1,A,0
138,TX,Oral Surgery,11,397461.09536155127,28992.380595875853,198703.03736506772,1,B,0
139,CA,General,5,382696.5121303082,60797.55936307086,209828.99961809412,1,B,0
140,NY,Prosthodontics,11,331184.03098997276,71697.55903919866,314246.28284692584,1,A,0
141,NC,General,10,647227.946227266,42280.37676172779,288628.2004957141,1,B,1
142,CA,Pediatric,8,350413.3821992715,33346.649202356,303674.36835684185,1,E,0
143,NY,General,6,502352.152246566,54169.745971140626,281603.4858323562,1,A,0
144,TX,General,6,290637.1053936605,71822.15967487614,205461.9878315021,1,B,0
145,CA,General,8,437213.1391093161,28252.151517786413,302282.7141931204,0,A,0
146,NC,Oral Surgery,15,447887.21639318357,33405.37728157487,338684.03699539776,1,A,1
147,NC,General,14,397582.30229018704,43187.15662532726,293837.7412089482,1,E,0
148,GA,Prosthodontics,11,342899.5280360427,37694.84263203957,283724.1929969388,1,B,0
149,IL,Pediatric,12,373667.8097386036,37742.21800086507,192470.91200719925,1,B,0
150,FL,Pediatric,13,359671.04980268795,18588.190585043343,265886.28092308587,1,D,0
151,NY,General,8,640202.6281835455,58835.854211088015,188481.90029134738,1,A,0
152,GA,Oral Surgery,18,397739.69105551805,55080.80754304453,248197.9106439547,1,B,0
153,FL,Oral Surgery,1,452488.87786639505,24517.262002945317,126980.0020581013,1,B,0
154,FL,Prosthodontics,15,578162.5090425367,71857.9363993437,127558.119775593,1,C,0
155,CA,General,8,312368.1332025819,75216.38472395731,235671.42325397275,1,E,0
156,FL,Pediatric,11,403766.0233167938,38736.41675329829,208867.02461297577,1,D,0
157,IL,Oral Surgery,12,373081.3868318611,67498.22886465509,258009.03951056302,1,B,0
158,NC,General,12,391386.1554516636,41405.03292513581,239892.35656636607,1,D,0
159,GA,Oral Surgery,4,382098.80328825145,52716.74765316591,252264.30904076164,1,A,0
160,FL,Oral Surgery,16,326812.29143697827,37463.56797468637,295645.55817675556,1,A,0
161,CA,Pediatric,4,419541.0284996633,83213.77285193413,215254.82832543756,1,A,0
162,IL,Ortho,5,293736.72225838987,45559.74159005153,233541.71412663528,1,B,0
163,TX,Prosthodontics,5,498888.2737309018,51896.73534235194,359126.5917072373,0,B,0
164,NC,Prosthodontics,8,462330.9806654604,39680.9391880426,250231.309511877,1,C,0
165,NC,Pediatric,10,350653.7183635984,77919.73395854593,236559.21440309583,1,E,0
166,GA,Oral Surgery,17,355501.66786261403,78299.21969134116,256188.4524492392,1,B,0
167,NC,General,9,427551.0562348253,74463.9377189441,237897.67202428522,0,B,0
168,FL,Oral Surgery,19,320145.46843938174,64346.60522521433,196782.07802850814,1,A,0
169,CA,Pediatric,14,581198.0124134871,40628.15679598921,175147.76221152098,1,A,0
170,NC,Prosthodontics,8,435792.57286917686,62417.751439436266,192742.64948874962,0,C,0
171,NC,Oral Surgery,9,439326.31513836776,49894.358016128965,315468.93900780904,1,B,0
172,TX,Prosthodontics,11,468144.5080357286,69686.12932613949,202757.1058961191,1,D,0
173,TX,General,1,342053.67259299295,66738.53080048042,238380.65486227928,0,A,0
174,NY,Prosthodontics,14,508900.9981784774,40261.01632886114,302555.2213849673,1,A,0
175,IL,Prosthodontics,5,411453.3366215464,64217.38704255824,229120.66218917663,1,B,0
176,FL,Ortho,14,495014.5470998832,60230.51675065889,297502.09861327393,1,A,0
177,NC,Ortho,4,380204.68734316697,10000.0,134440.521817685,1,A,1
178,NC,Ortho,1,531727.8226731186,62014.04959444194,240061.24903435775,0,C,0
179,CA,Prosthodontics,19,440134.362702479,43523.063170396905,255917.20724488815,0,A,0
180,NY,Pediatric,8,618250.7024177087,36709.36318502489,251735.40423236258,0,C,0
181,IL,Prosthodontics,15,363047.83831777703,37351.090935593864,126031.0976620837,0,B,1
182,NY,Pediatric,15,420454.93960907456,47971.35656551953,340233.44848231034,1,A,0
183,GA,Pediatric,9,296842.3753129842,57200.89370130025,185899.52912714373,1,B,1
184,IL,Ortho,9,347070.17624537804,29518.069667117295,275127.78439468506,1,D,0
185,NC,Oral Surgery,10,461868.6547847906,52847.71754318696,250597.3211985498,1,B,0
186,NC,General,9,512932.44375395007,58651.37099289608,325278.2142858008,0,D,0
187,IL,Ortho,3,696501.0351720722,77927.08675504447,414061.66220306547,1,A,0
188,NC,Ortho,11,390337.1093376779,33849.64746162305,153222.66365928733,1,D,1
189,FL,Oral Surgery,6,306678.65923544025,44755.817198332945,201331.45890456258,1,A,0
190,IL,General,2,475332.57603772415,53924.94459044719,264181.9370379289,1,C,0
191,NY,Prosthodontics,7,287217.2779498694,67211.13995287409,167098.50118354062,1,C,0
192,IL,Prosthodontics,18,456427.73880267364,45436.64178242279,308663.695596682,1,E,0
193,NC,Ortho,2,349774.4283805876,67979.62057986576,313252.94666177937,1,B,0
194,FL,General,17,421159.4970380393,20939.565252853103,291958.6806996278,1,A,0
195,FL,Ortho,11,509104.6102164667,31199.77710317171,267743.6313157148,1,A,1
196,GA,Pediatric,12,388926.6570919304,55229.66516501331,352728.15834773355,1,D,0
197,NY,Ortho,19,493287.90843286214,28837.632528681872,163328.08887483535,1,B,0
198,TX,Ortho,7,487315.8548619149,32382.942098499247,254895.1146506915,1,D,0
199,TX,Prosthodontics,6,213566.84716909053,42083.34703631091,194589.78484523337,1,A,0
200,IL,Prosthodontics,1,309839.92539644276,61571.58487873736,316743.72494238766,1,B,0
201,GA,Prosthodontics,17,243819.31386045282,21560.527380390664,112499.41266201754,1,A,0
202,CA,Pediatric,11,600173.7102530135,52554.47543243591,247893.7100805265,1,E,0
203,IL,Prosthodontics,18,389460.80745626736,65494.459207292086,275142.90153024613,1,C,0
204,GA,General,17,578082.9212966643,47075.82187356563,178938.0898769669,0,E,0
205,NY,Oral Surgery,7,236704.77194580165,44467.5465561119,203035.7475833825,1,B,1
206,NY,General,17,342723.1575451474,56026.56923837861,251153.42360290792,1,C,0
207,NY,General,9,480049.82417659723,47118.3342091784,321632.2284581107,1,C,0
208,NY,Prosthodontics,17,417927.4604426684,70857.4967186112,172534.80785597098,0,B,0
209,NY,Oral Surgery,8,453285.98928134586,33328.80481798347,185616.25447189854,1,D,0
210,GA,Oral Surgery,17,274619.1766206743,49225.337672523725,334419.0828280258,1,E,0
211,GA,Oral Surgery,7,537680.3492878929,53085.29562441026,229526.84500601236,1,D,0
212,FL,Pediatric,1,477701.6095757289,44323.1892223031,191684.57201162667,1,C,0
213,TX,Prosthodontics,13,440162.55054914736,10000.0,304651.3597912687,1,B,0
214,NC,Oral Surgery,19,331438.9718918192,47586.426379262106,213385.22520758148,1,B,0
215,NY,Pediatric,19,432380.01276059455,63502.65480368699,327056.61515040806,1,E,0
216,CA,Ortho,17,370851.002100651,61671.63779189026,200220.9717265216,0,A,0
217,NC,Ortho,13,234950.87899622382,55321.677232553,238030.4078631253,1,C,0
218,GA,Pediatric,16,394957.7148278512,33532.064624761646,320872.87490415486,0,C,0
219,CA,Pediatric,8,384326.9601777474,55929.641936877255,233030.43466196864,1,C,0
220,CA,Prosthodontics,19,506240.150987512,41398.43267686643,306703.99915589846,1,E,0
221,CA,Prosthodontics,18,176557.35576857973,55302.24358923,245083.92949142464,0,B,0
222,FL,Ortho,1,423519.9828854701,51822.57517102573,398626.88548000215,0,B,0
223,GA,Oral Surgery,14,284443.1951894283,35354.37093074943,367658.39530771365,0,A,1
224,CA,Ortho,19,431922.3342195547,36613.16240964645,150392.78031746892,1,B,0
225,NY,Oral Surgery,15,437428.00555773056,55325.33681632274,289168.2760936007,1,B,1
226,IL,Oral Surgery,18,391315.5222869808,46683.30357067248,188769.70104242186,1,B,0
227,CA,Prosthodontics,2,480729.3124811084,37395.77854014307,264363.0204094548,0,D,0
228,FL,General,17,275423.3940900301,36157.547154097505,255127.79719826957,0,E,0
229,NC,General,18,510772.04502817005,45442.53728020676,170845.97371806344,0,A,0
230,GA,Pediatric,6,329192.11338058586,73521.57192077315,329386.34076477436,0,B,0
231,FL,Prosthodontics,19,244410.13495101046,42108.82951682062,265247.7207676806,1,E,0
232,CA,Oral Surgery,4,372760.4029500191,49789.70692613617,228648.77232455625,1,A,1
233,GA,General,1,190484.24773200144,51524.66431534265,217141.7631817304,1,A,0
234,IL,Oral Surgery,8,425417.3892246202,33034.604127620856,260483.27273246765,0,A,0
235,CA,General,7,374074.95574197744,23557.512742359573,280594.3763135714,1,C,0
236,FL,General,3,523368.6921376036,34600.38897896404,240626.81602313006,1,A,0
237,TX,General,10,464892.42105069954,53706.16066709455,50000.0,1,E,0
238,NY,Prosthodontics,10,260800.36628119898,51309.96586873114,251266.80371818627,1,B,0
239,NC,Ortho,19,316161.2508882115,60536.09853726598,141888.8453792667,0,B,1
240,FL,Oral Surgery,14,452066.44205342093,51451.248424386744,234291.05757631932,1,A,0
241,GA,Prosthodontics,2,484707.90099850344,48356.76062796195,144657.68071977686,1,B,0
242,CA,Prosthodontics,1,522250.091488688,40939.815876123095,143762.67736903994,1,C,0
243,NY,Prosthodontics,18,521450.9285305348,63269.101847940394,342634.1366461396,1,D,0
244,CA,Prosthodontics,7,391047.7389752094,36212.29791918925,225993.10142917073,1,D,0
245,GA,Prosthodontics,8,436265.5622251169,33344.00724055969,220250.33801335617,1,C,0
246,CA,Pediatric,1,529873.8503943796,58505.83276082155,286189.30366214435,1,E,0
247,TX,Oral Surgery,3,369669.15380640514,30002.640340195176,222205.7107695661,1,D,0
248,NY,Prosthodontics,8,437972.61869401234,86221.86497987946,407785.4569095557,1,D,0
249,NY,Oral Surgery,15,367311.92203203484,51199.90070838715,229523.51794554855,1,A,1
250,GA,Pediatric,5,344905.18855345726,55218.59174487328,277384.4058987258,1,A,0
251,NC,Pediatric,3,404838.51182858035,37873.702632149194,322820.5998532646,0,A,0
252,TX,Oral Surgery,19,331245.65486604086,45271.02733637681,370168.9919205182,1,C,0
253,FL,General,1,386908.40272302506,43598.64324676469,194349.539825677,1,B,0
254,CA,Ortho,15,296504.51354678674,41872.475184970375,218652.73721210164,1,B,0
255,IL,General,8,381000.561281762,59494.4262726474,345594.3906470136,1,D,0
256,CA,General,2,444839.02936158614,43256.35942662078,310754.67280395183,1,D,0
257,CA,General,3,341123.6463793204,65262.51843626272,330638.1951751344,0,E,0
258,FL,Prosthodontics,14,400929.17525309126,89947.73525179736,147347.15923302487,1,B,0
259,CA,Pediatric,14,413934.2593621264,45566.881397801764,366099.9815443014,0,C,0
260,TX,General,11,445253.48918213346,52284.732703649366,192894.43425363963,1,B,0
261,TX,Pediatric,16,386642.0158694784,55692.23085748261,264421.9733606422,0,A,0
262,NY,Oral Surgery,4,508586.6341867806,77172.57218890275,238883.28418061722,1,A,0
263,GA,Ortho,5,189908.1138548082,48760.28322442716,184113.78725889474,1,B,0
264,NC,Oral Surgery,14,693775.2847167773,37564.74620512456,144059.8177434248,1,B,0
265,IL,Oral Surgery,16,312886.62359624833,31004.89241561444,119211.39125253266,1,D,1
266,CA,Prosthodontics,18,440339.0023354078,49130.24078851649,258926.3804540481,1,A,0
267,CA,Ortho,7,306153.2089794151,43274.29671419177,135601.06823249083,1,C,1
268,FL,Oral Surgery,10,464426.8159509302,80150.13933950002,164963.83036848376,1,B,0
269,GA,Oral Surgery,7,427656.91525949276,76547.93631015449,233647.30913513352,0,B,0
270,TX,Ortho,1,334928.646265491,34484.40758114603,52089.36248050752,1,B,0
271,IL,Ortho,19,507308.7345410313,39338.59844676232,308423.4784033001,0,B,1
272,NY,Oral Surgery,16,383603.9120398079,51106.55161830329,69258.3874669894,1,C,0
273,TX,Ortho,19,454721.5938057004,70958.39633838144,244197.07065004203,1,B,0
274,GA,Oral Surgery,4,308284.0194803964,50855.19704556577,251126.4419945717,1,A,0
275,NC,Oral Surgery,18,396911.236442842,40291.3904301793,290354.6290136357,1,A,0
276,NY,Prosthodontics,2,600340.7267182105,49116.77285145913,246873.93982075798,1,B,0
277,NC,General,1,496296.552911413,40572.7270415593,401343.09728749294,0,E,0
278,FL,Oral Surgery,15,430762.0755451052,59037.158141592234,266223.76611763757,1,B,0
279,FL,Pediatric,5,355107.9172390204,39364.49432502942,329020.9299432745,1,C,0
280,CA,General,11,406749.85358750087,42343.459213595495,195740.2893347284,1,C,0
281,NC,General,10,419756.5990172382,67429.00720184145,259056.76046421006,1,E,0
282,GA,General,2,444922.8434919745,38474.52579028892,366067.75712716946,1,D,0
283,IL,Prosthodontics,3,292333.9491822334,28308.079511597567,232172.86564827693,1,C,0
284,NY,Oral Surgery,12,466840.7960942365,51424.90627034457,264417.60731464234,1,C,0
285,TX,Prosthodontics,5,291040.6901705347,44592.89893693106,323564.0086853106,1,D,0
286,GA,Oral Surgery,5,563112.5852281871,57671.232513949304,194332.78598562742,1,B,0
287,GA,Prosthodontics,6,322837.1677583122,54762.079020966354,87882.97500106049,0,B,0
288,FL,Prosthodontics,9,429662.83196761756,49521.22258034957,269168.02402842767,1,A,0
289,NC,Pediatric,2,500514.2573278018,49084.34861795006,324150.1877018502,1,D,0
290,CA,Prosthodontics,12,374761.99565355503,38962.123260157474,148641.56763310215,1,D,0
291,CA,Ortho,3,434060.00190998585,51250.206064898644,300266.4922958004,0,A,0
292,NY,Pediatric,12,543518.1549190052,63219.27172149153,300772.47905046534,1,C,1
293,FL,Prosthodontics,17,456440.2987893266,35398.29887900786,79487.78056635219,1,B,1
294,GA,General,10,435555.0629674353,49919.039354576984,179778.35256949207,1,A,0
295,IL,Ortho,14,231521.4605179538,65575.83133601918,220312.84144512532,1,E,0
296,FL,Ortho,17,306627.77472597774,57581.36139825049,236528.1999823572,0,A,0
297,NY,Ortho,18,504692.0127650012,69642.09344526069,194264.93014240122,1,A,1
298,NY,Pediatric,19,456995.0305341382,41477.86505248498,190224.78973133635,1,C,0
299,FL,Prosthodontics,17,472146.6273785074,22538.47327407701,375361.2168386569,1,C,0
300,NY,Prosthodontics,14,463539.6932214897,53009.777059335305,241933.06511058187,1,A,0
301,FL,General,9,528975.6528375375,55438.562225397276,197871.72548876953,0,C,0
302,TX,General,8,373860.0075044877,70526.32931709013,246912.28923155874,1,B,0
303,FL,Ortho,2,412049.9958789301,67822.18602060476,290281.81247958576,0,A,0
304,NC,General,13,297132.5666870916,58051.15434518692,253871.9782533406,1,A,0
305,FL,Pediatric,7,272197.74165636237,61480.8532125565,234570.430687902,1,C,0
306,NY,Prosthodontics,9,235625.92844119424,47122.67812690041,201248.749849716,1,B,0
307,NC,Ortho,11,311483.6501000152,31713.280830211752,200340.1865899301,1,E,0
308,NY,General,14,555256.1815489642,51765.818260713655,205164.37101359805,1,D,1
309,CA,Pediatric,4,244727.29321839623,64738.601954416656,275411.09506080527,1,E,0
310,CA,Pediatric,13,369646.4014422802,59845.41304742823,175436.49306986597,1,B,0
311,NC,General,2,270685.4676353842,62507.11008739047,279495.19176026667,1,E,0
312,TX,Prosthodontics,5,339902.6036996639,43583.66469429872,355974.60667201225,1,B,0
313,CA,General,11,416969.379235202,46016.79742972364,274428.05183599,0,B,1
314,FL,Ortho,6,329988.4126794992,57251.38232171905,222281.0853312147,1,A,0
315,NY,General,18,508966.4865016461,41802.38908236868,152640.48362090273,1,A,0
316,CA,Pediatric,10,553397.8120849567,42264.243951004966,368358.01059336355,1,C,0
317,CA,General,4,175090.42719440607,54469.73354566177,162248.67620508157,1,B,1
318,TX,Prosthodontics,9,331700.76696488773,61413.57114735362,313642.15258568106,1,A,0
319,NC,Oral Surgery,6,405914.21222724224,47007.069900058865,297888.83954458643,0,C,0
320,NC,General,2,512611.70260153804,32552.158084195416,232242.35477769552,1,B,0
321,GA,Prosthodontics,17,354575.57248467376,38962.94127435755,230276.58971644915,1,C,1
322,TX,Prosthodontics,5,398006.46047541895,53055.08127339647,112321.65444692347,1,B,1
323,FL,Pediatric,6,284325.57749480515,52872.81445798947,274754.8750609466,0,D,0
324,NC,Prosthodontics,12,246720.41477376546,53618.57206483022,296494.47492968536,1,D,0
325,NY,Prosthodontics,10,544538.4689582933,57819.429358936344,168318.99128891467,1,B,0
326,TX,Prosthodontics,6,217593.01261070633,50087.15837813675,238313.3894253173,1,B,0
327,CA,Prosthodontics,8,632861.9008421566,53975.84067260468,252839.64362567128,0,B,0
328,NY,Ortho,2,472515.13993817416,49324.597657567,293842.9470962176,1,D,0
329,NY,Ortho,12,467997.3075516756,67231.00224394159,250285.23070923905,1,B,0
330,CA,Pediatric,13,457546.866749443,71485.13046826253,128026.0484528812,1,A,0
331,TX,General,7,374731.4311999036,32164.830764299484,210254.66729031331,1,A,0
332,CA,Prosthodontics,10,439208.45297008695,46171.2208684662,266846.93390417646,1,B,0
333,GA,General,13,381110.33122155245,50490.86737311061,313114.6256529819,1,B,0
334,NY,General,17,455307.32764404797,45996.279319785186,203677.25429543148,0,D,0
335,IL,Pediatric,14,396631.3473091284,76893.8388699631,414073.74059125147,1,A,0
336,IL,Prosthodontics,2,304965.18168982654,53359.32917134602,107914.51983722765,1,B,0
337,FL,Prosthodontics,11,312942.7383738244,37919.42259424484,207722.48687065742,1,D,0
338,NC,Oral Surgery,1,301572.7624707497,58946.63509341006,243772.47973804202,0,D,0
339,CA,General,19,497090.07319343096,54064.61808269289,234943.8127335352,0,B,0
340,CA,General,4,338255.3387540902,54562.89379330132,157589.32526388756,1,B,0
341,FL,Ortho,19,208789.68389151397,77118.14238198785,283589.63108138455,1,B,0
342,FL,Oral Surgery,11,439683.8665848805,55261.77763632214,277832.05384854414,1,E,0
343,FL,Ortho,8,551451.7562589581,45445.077141890055,253597.108448616,1,A,0
344,NY,Ortho,11,477308.3189177527,20670.853605348486,274888.28974438866,1,E,0
345,GA,Ortho,4,339667.64347782877,47519.01472784732,218216.7691413977,1,C,0
346,CA,Pediatric,17,241318.82844049108,69589.54875990783,128697.77874185742,1,B,1
347,NY,Pediatric,7,386573.18966424896,48632.463206657194,196252.00974608166,1,A,1
348,FL,Ortho,8,384077.612190329,16399.25152220745,261779.0936057081,1,B,0
349,CA,Oral Surgery,3,303080.0389686234,42524.5641171133,262205.8311134797,0,B,0
350,NY,General,2,455103.7302242537,64890.328083691886,253103.42894393858,1,A,0
351,GA,Oral Surgery,15,584662.6500830473,58187.25761843023,291153.12009887735,1,C,0
352,NY,Prosthodontics,5,422228.2717458284,37401.78655233897,206414.04659124877,1,E,1
353,GA,Pediatric,1,416047.62069988454,41520.72835401377,252001.0792832902,1,C,0
354,FL,General,4,306277.1951166177,43839.37011346375,292906.9583803691,1,C,0
355,GA,General,15,539741.4703060372,40059.29342205605,243633.2636123235,1,A,0
356,CA,Prosthodontics,19,392485.58331899834,19554.891983906266,156750.7053695426,1,B,1
357,FL,Prosthodontics,3,342103.67448058294,61453.86650929783,177888.37227583467,1,A,0
358,CA,Ortho,11,406368.8393651616,68855.8993503364,312313.9243209525,1,C,0
359,IL,Pediatric,17,447196.1333246609,27223.265840528897,354435.41222069296,1,E,0
360,TX,Pediatric,13,413921.5408644903,68657.79398879471,338146.2330868037,0,C,0
361,GA,Oral Surgery,11,520615.3395670592,48454.651979041766,267411.6962306526,0,A,0
362,TX,Ortho,2,438397.15525468625,68376.98522251812,159765.05484874803,1,B,0
363,TX,Ortho,9,371605.8189117465,50569.25654435669,249523.63324203485,1,C,1
364,GA,Ortho,2,440119.221632689,52033.16888237945,367169.13489628164,1,B,1
365,FL,Ortho,9,449963.71011259576,55586.51970473319,296386.62853423564,1,D,0
366,IL,Pediatric,9,270362.4080736158,38149.005122970826,234439.18579870954,1,D,0
367,CA,Pediatric,8,514941.9728263715,67920.11216492033,297146.89246309124,1,C,0
368,NY,Ortho,17,369909.5980638641,33179.29042887823,154795.35950382965,1,B,0
369,CA,Oral Surgery,1,372467.677649457,43968.99883224994,197824.64666138485,1,B,0
370,NY,General,11,475137.59870759456,57863.97016464753,168685.64567332563,1,A,0
371,CA,General,8,474716.52242595813,42362.07139271804,285217.88637613243,1,B,0
372,GA,Oral Surgery,10,329916.8321133914,61662.96861222416,303557.76247900695,1,B,0
373,IL,Ortho,7,480290.1618145686,70637.99259775935,238463.0479601225,1,C,0
374,NY,Pediatric,3,343955.1848510476,65188.19001580755,184530.27424453254,0,C,0
375,NC,General,3,581957.3046698655,20958.270294820675,248518.81798490294,1,A,0
376,FL,Prosthodontics,18,317180.6018734236,51887.70454429036,213506.50819946444,1,B,0
377,CA,Prosthodontics,5,423947.74617058964,65430.23916044588,190287.19714796916,1,A,0
378,CA,Oral Surgery,12,321798.2363092393,30248.767297669147,275424.5263981935,1,A,0
379,NY,Ortho,12,622269.5629135075,60854.15880843312,193150.58331109947,1,D,0
380,FL,General,19,276217.9055912884,60011.91172458968,132523.77002769307,1,A,0
381,FL,Ortho,6,452436.27472529106,31818.651620926023,149191.41472276096,1,B,0
382,GA,General,2,326508.95855222,62513.48998610242,129755.46498880378,1,A,0
383,NC,Oral Surgery,12,364589.2358552013,54090.466902949025,268563.3937432153,0,D,0
384,GA,Oral Surgery,19,445353.7833745176,59755.726830819025,261280.40786321228,0,C,0
385,GA,Prosthodontics,5,522458.4437626143,35505.314213523015,257539.00708811215,1,A,0
386,GA,Ortho,12,562339.6562299046,52252.04174557077,294079.8739359957,1,B,0
387,GA,Prosthodontics,17,246305.20399736796,24426.821688015145,339396.91420878377,1,C,0
388,GA,Ortho,17,426775.1224364462,15845.131887004238,205580.01018811634,0,E,0
389,IL,Prosthodontics,10,545949.3603383522,52112.42639791625,280485.81079288136,1,A,0
390,FL,Pediatric,17,231468.90612380594,66508.96410141965,131528.83694455924,0,D,0
391,GA,Pediatric,15,431438.34940548474,53794.0522139762,353403.2309697513,1,E,0
392,FL,Pediatric,12,399791.62025798165,49048.30904083781,156637.65713363822,1,E,0
393,FL,Pediatric,16,441454.1814379788,47186.9881991769,196743.91607196716,1,C,0
394,TX,General,19,322769.59746735246,35861.51912835402,205171.78647001807,0,C,0
395,IL,Pediatric,8,256438.117178656,46672.0864430704,135529.6752458341,1,B,0
396,GA,Oral Surgery,17,208689.3574820975,56325.26702396667,252443.16830564215,1,D,0
397,CA,Oral Surgery,5,497638.3953462103,43471.66650799057,266042.7901151111,1,B,0
398,NY,General,16,510404.9136483354,61258.802807536646,235793.97467638378,1,C,0
399,NC,Pediatric,6,430268.53489959857,52939.62550796904,134481.42759766924,1,B,0
400,CA,Pediatric,8,346585.1650311903,54754.6912666011,398753.96761387837,1,C,0
401,IL,Pediatric,18,237695.41065342547,63329.9413032644,291192.3097376236,1,D,0
402,NY,Prosthodontics,12,456334.5462505024,42098.66851017514,447566.6532737469,1,A,0
403,IL,Ortho,15,289922.0717163315,59890.708792804275,189616.80700852806,1,D,0
404,FL,Prosthodontics,9,328870.13752394624,44202.849241220385,321841.16711327323,1,B,0
405,NY,Ortho,13,341343.5920437281,55092.7172572826,308445.5415545623,1,D,1
406,FL,Pediatric,15,380246.4774303032,40313.42974045147,228206.86726769782,0,B,0
407,CA,Pediatric,10,324095.95527913515,36339.442654029015,355828.8175794418,0,B,0
408,CA,Prosthodontics,16,403345.87709923025,51377.9711847274,219594.2494289666,1,E,0
409,NY,Prosthodontics,7,337818.1699493609,21721.999219683243,222933.14354315447,1,B,0
410,NY,Ortho,17,470137.3064839223,45555.98834736677,50000.0,1,D,1
411,GA,Oral Surgery,7,503106.29139880533,25904.344915862293,280677.1040306978,1,B,0
412,IL,Ortho,14,410854.2676028438,61688.51051470412,150586.75662381953,1,B,1
413,GA,Prosthodontics,15,446262.63353811024,65751.65894163371,208695.91032283666,1,B,0
414,IL,Prosthodontics,7,611785.594962589,37040.73167868791,173033.52709412295,1,C,0
415,GA,General,9,282739.6743138684,56424.694437102444,222532.63455113038,0,B,0
416,FL,Prosthodontics,19,276653.1898719894,63487.03570531238,283291.01726630767,1,A,0
417,NY,General,16,469499.7900776875,63537.038337526756,250835.6172286568,0,B,0
418,CA,Oral Surgery,8,594654.2837514766,53216.76250957462,303223.09678793553,0,A,0
419,IL,Ortho,18,373950.1438061277,61014.57013342245,344922.2151689224,1,E,0
420,IL,Ortho,18,572683.384221876,40260.03032119409,222340.30474916234,1,E,0
421,CA,General,7,409643.371879349,51246.8369848502,214107.45684879148,1,B,1
422,GA,Ortho,3,331911.2717960918,42993.44889813836,321829.57402465073,1,C,0
423,IL,Prosthodontics,18,300930.7611362297,38993.18039321954,327778.5466554947,1,B,0
424,NC,Pediatric,10,462941.35848867876,50540.950872044414,305544.31510772853,1,C,0
425,FL,General,7,308504.0932217303,55212.95564237112,178586.5894945488,0,D,0
426,NY,Ortho,17,408127.6842767028,67452.6315193248,281699.1299126203,1,E,1
427,CA,General,14,558346.5025384093,53977.33290948331,258210.29530354668,1,B,0
428,NY,General,3,369321.96071286296,59628.958024423264,328939.67060122476,1,D,0
429,NC,Pediatric,12,531400.94746439,59799.247598743066,207034.59328466884,0,B,0
430,IL,Prosthodontics,13,278545.6510273593,90313.01548545441,125004.2281637563,1,E,0
431,IL,General,2,346609.08986832004,22849.51395091131,301767.7600285204,1,A,0
432,NC,Ortho,3,259285.59737850836,39680.99199744233,58122.37125571733,1,C,0
433,CA,Oral Surgery,5,407299.67559733574,72110.8407873212,195136.49470777524,1,C,0
434,FL,General,11,478007.8179716583,44719.80387719789,173260.3366511279,1,C,0
435,TX,General,8,407518.70876061864,63287.04706402579,172754.89968206896,1,A,1
436,CA,Pediatric,12,522705.00599701516,53450.142856442544,193822.63967836782,1,E,0
437,TX,Prosthodontics,7,325082.075937087,81578.03601812015,341303.01773137227,1,A,0
438,NC,Oral Surgery,15,422534.27536890673,33304.18359404432,311541.65642547794,1,C,1
439,GA,Ortho,17,347253.0676386144,68327.0082877822,231120.19885056213,1,A,0
440,TX,Oral Surgery,4,436167.65854236553,76243.71957908748,335021.7603894287,1,B,0
441,FL,Ortho,13,450373.60462124256,34783.716842480004,170327.71336252196,1,B,0
442,GA,Prosthodontics,18,458239.5959984063,61743.0536537202,160128.74606896314,1,B,1
443,TX,Ortho,1,292940.5661764398,35517.53021256416,314769.7494434943,1,A,0
444,NC,Pediatric,16,311025.3898213431,50452.423588026875,293473.2421991985,1,A,0
445,GA,Pediatric,13,329571.2291808811,46151.1810472674,215480.24488125078,1,B,0
446,NC,Pediatric,10,376111.92521334026,13958.690976504695,164840.4329726402,1,D,0
447,TX,Pediatric,12,408718.64042064303,56363.51389567848,359479.89062784554,1,D,0
448,NC,Oral Surgery,2,470808.91218566766,52150.087514093466,120992.30867891363,1,A,0
449,FL,Prosthodontics,3,315190.1300660768,72186.18460108641,205118.05484923295,1,B,0
450,TX,Ortho,10,239898.07022982478,59167.15481974314,267143.2395638423,1,A,0
451,TX,Ortho,2,615574.316320679,84363.25886118144,385162.36063235847,1,A,1
452,TX,Pediatric,13,286854.697934757,51605.63573118071,278732.51590549154,1,C,0
453,CA,Pediatric,13,483632.3722995551,48417.04921996539,286022.8489759974,1,C,0
454,CA,General,18,403126.6877248674,47234.650239243565,207296.22248889046,1,A,0
455,CA,Prosthodontics,3,425130.56408063805,43406.169334523394,292636.0168955949,0,A,0
456,FL,Oral Surgery,7,399844.9494164097,16883.736254261465,257898.19906593152,1,A,0
457,GA,Ortho,14,361515.81180528743,46697.08059488064,130865.15946868314,1,D,0
458,NC,General,17,446397.2282923459,18982.179103460116,309470.11401198304,1,E,0
459,IL,General,12,356141.27937427047,56780.50016878653,322779.5042385138,1,A,0
460,TX,Ortho,16,516630.27472367894,31399.095612941233,310252.3786615872,1,A,0
461,NC,Oral Surgery,12,456844.10062561545,36585.0106536737,252499.59442493515,0,D,0
462,TX,General,15,459959.4113281494,39958.847077511724,178286.73376377646,1,E,0
463,FL,General,10,349287.69399434095,46925.97443280132,76811.22015363508,1,B,0
464,TX,Prosthodontics,7,376364.5262911004,50103.023824085554,261779.0204051088,1,A,0
465,CA,Oral Surgery,5,281208.7191357935,66267.19374609606,331145.6544805637,1,A,0
466,IL,General,1,364698.3943274438,41337.04859738669,324664.93518123106,1,C,0
467,NY,Oral Surgery,17,296342.4083643703,57202.19204333554,311205.4632545386,0,B,0
468,TX,Ortho,3,531306.8515588716,90963.0084983535,244434.17660879568,1,A,0
469,NC,Pediatric,13,405053.5815594006,55660.26054144844,331559.8130523623,1,C,0
470,CA,General,14,417049.72350404307,47292.65316602549,319312.1367891927,0,A,0
471,NY,Prosthodontics,18,377485.3472649979,38312.72522107554,218302.48294588315,1,D,0
472,IL,Ortho,4,419757.8922051408,47085.02681869507,300744.85124618857,1,B,1
473,NY,Oral Surgery,18,646487.7635857684,36706.69484585891,209803.06409430312,1,A,0
474,CA,Ortho,5,369985.97156075086,54029.921400256586,290501.81737126916,1,C,1
475,GA,General,16,334958.69652900065,51553.1620795909,152566.25167741996,0,B,0
476,GA,Oral Surgery,1,452969.31329054426,17566.711686233102,158334.1143495309,0,E,0
477,NY,Pediatric,14,147428.13663975117,49721.62991350899,329365.5285207931,1,B,1
478,FL,Ortho,15,406395.6786910933,66142.19468960019,320317.0091653574,1,B,0
479,NC,General,9,362828.7096707099,44013.32221695875,297520.86554318736,1,C,0
480,NC,Prosthodontics,15,300768.6733963906,40206.54841382657,256597.6615789623,1,B,0
481,NY,Oral Surgery,17,450775.76703115,29334.488403247215,70654.41767318887,1,E,0
482,TX,Ortho,4,405398.8418445793,22130.119375633934,244384.30463451328,1,B,0
483,TX,Ortho,12,219759.1092505783,62470.23900594882,284063.73753923783,1,B,0
484,NC,Pediatric,5,335347.0478807562,47277.82505631206,209895.00643303065,1,A,0
485,NC,Pediatric,5,111172.87948072754,61580.32343005134,196562.9355393822,1,B,0
486,GA,Prosthodontics,11,429326.9314133503,72969.85616869203,358331.5291115269,0,D,1
487,FL,Prosthodontics,6,428329.94184401573,63818.71527365518,245478.3256456291,1,D,0
488,CA,General,7,320671.8106166327,41864.415178418065,284109.63772317854,1,A,0
489,TX,General,14,454011.27116831264,52173.01496986333,308059.8596214524,1,A,0
490,NC,Prosthodontics,11,271750.1378878478,40778.40702264622,174892.21926211915,1,D,0
491,GA,Prosthodontics,13,303348.2974065007,39375.67306097505,264490.55670356454,1,E,0
492,IL,Oral Surgery,2,441719.0464382564,55142.22743603936,348973.33708579745,1,A,0
493,GA,Pediatric,7,331133.32450370566,37515.59175322741,386441.7387474791,0,B,0
494,TX,General,4,393734.3043797556,16862.725713669483,252995.2297911018,0,B,0
495,TX,Pediatric,8,343635.0972573657,36677.78156408935,232154.2339489694,1,D,0
496,GA,Pediatric,19,358906.8843700816,45396.78276968941,270176.805110315,0,A,1
497,CA,Prosthodontics,13,363277.57840450073,72820.97746747884,268272.7785270641,1,A,0
498,NY,Oral Surgery,14,329324.32427818223,42635.93825192952,354006.8549598365,1,D,0
499,TX,Ortho,10,430244.9714360124,57678.86136543912,175270.62331246998,1,A,0
500,GA,Oral Surgery,11,337207.15132460505,47475.37649056896,229009.51853754837,1,B,0
